INFO 2026-03-26 21:43:42,212 autoreload Watching for file changes with StatReloader
INFO 2026-03-26 21:46:59,750 autoreload Watching for file changes with StatReloader
INFO 2026-03-26 21:50:02,946 autoreload Watching for file changes with StatReloader
INFO 2026-03-26 21:51:58,824 autoreload C:\Users\DELL\projet_tuteure\backend\driveparc\apps\maintenance\views.py changed, reloading.
INFO 2026-03-26 21:51:59,741 autoreload Watching for file changes with StatReloader
INFO 2026-03-26 21:55:33,166 autoreload C:\Users\DELL\projet_tuteure\backend\driveparc\apps\maintenance\serializers.py changed, reloading.
INFO 2026-03-26 21:55:34,185 autoreload Watching for file changes with StatReloader
INFO 2026-03-26 21:55:48,619 autoreload Watching for file changes with StatReloader
INFO 2026-03-26 21:58:11,630 autoreload C:\Users\DELL\projet_tuteure\backend\driveparc\apps\fuel\views.py changed, reloading.
INFO 2026-03-26 21:58:12,579 autoreload Watching for file changes with StatReloader
INFO 2026-03-26 21:58:35,494 autoreload C:\Users\DELL\projet_tuteure\backend\driveparc\apps\fuel\urls.py changed, reloading.
INFO 2026-03-26 21:58:36,467 autoreload Watching for file changes with StatReloader
INFO 2026-03-26 21:58:52,973 autoreload Watching for file changes with StatReloader
INFO 2026-03-26 22:02:37,902 autoreload Watching for file changes with StatReloader
INFO 2026-03-26 22:24:23,634 autoreload Watching for file changes with StatReloader
INFO 2026-03-26 22:25:08,342 autoreload Watching for file changes with StatReloader
INFO 2026-03-26 22:28:31,592 autoreload Watching for file changes with StatReloader
INFO 2026-03-26 22:29:28,826 autoreload C:\Users\DELL\projet_tuteure\backend\driveparc\apps\documents\models.py changed, reloading.
INFO 2026-03-26 22:29:30,030 autoreload Watching for file changes with StatReloader
INFO 2026-03-26 22:32:09,458 autoreload Watching for file changes with StatReloader
INFO 2026-03-26 22:34:25,580 autoreload C:\Users\DELL\projet_tuteure\backend\driveparc\config\settings.py changed, reloading.
INFO 2026-03-26 22:34:26,688 autoreload Watching for file changes with StatReloader
INFO 2026-03-26 22:35:13,416 autoreload Watching for file changes with StatReloader
INFO 2026-03-26 22:37:57,033 autoreload Watching for file changes with StatReloader
INFO 2026-03-27 01:04:26,056 autoreload Watching for file changes with StatReloader
INFO 2026-03-27 01:05:37,867 autoreload Watching for file changes with StatReloader
WARNING 2026-03-27 01:05:50,745 log Not Found: /
WARNING 2026-03-27 01:05:51,283 log Not Found: /favicon.ico
WARNING 2026-03-27 01:52:44,025 log Not Found: /api/users/auth/login/
WARNING 2026-03-27 01:54:32,121 log Not Found: /api/users/login/
WARNING 2026-03-27 01:54:38,824 log Not Found: /api/users/login/
WARNING 2026-03-27 01:57:17,846 log Not Found: /api/users/login/
WARNING 2026-03-27 01:57:19,339 log Not Found: /api/users/login/
WARNING 2026-03-27 01:59:59,186 log Not Found: /api/v1/users/login/
WARNING 2026-03-27 02:00:03,998 log Not Found: /api/v1/users/login/
ERROR 2026-03-27 02:03:06,841 log Internal Server Error: /api/v1/vehicles/
ERROR 2026-03-27 02:03:06,861 log Internal Server Error: /api/v1/reservations/
WARNING 2026-03-27 02:03:06,950 log Not Found: /api/v1/drivers/available/
ERROR 2026-03-27 02:03:06,969 log Internal Server Error: /api/v1/vehicles/
ERROR 2026-03-27 02:03:06,998 log Internal Server Error: /api/v1/reservations/
WARNING 2026-03-27 02:03:07,057 log Not Found: /api/v1/drivers/available/
WARNING 2026-03-27 02:10:25,487 log Not Found: /api/v1/drivers/available/
ERROR 2026-03-27 02:10:25,507 log Internal Server Error: /api/v1/reservations/
ERROR 2026-03-27 02:10:25,508 log Internal Server Error: /api/v1/vehicles/
ERROR 2026-03-27 02:21:51,638 log Internal Server Error: /api/v1/vehicles/
ERROR 2026-03-27 02:21:51,652 log Internal Server Error: /api/v1/reservations/
ERROR 2026-03-27 02:21:51,687 log Internal Server Error: /api/v1/vehicles/
ERROR 2026-03-27 02:21:51,701 log Internal Server Error: /api/v1/reservations/
WARNING 2026-03-27 02:22:02,138 log Not Found: /api/v1/drivers/available/
ERROR 2026-03-27 02:22:02,152 log Internal Server Error: /api/v1/reservations/
ERROR 2026-03-27 02:22:02,153 log Internal Server Error: /api/v1/vehicles/
WARNING 2026-03-27 02:22:08,131 log Not Found: /api/v1/drivers/available/
ERROR 2026-03-27 02:22:08,137 log Internal Server Error: /api/v1/reservations/
ERROR 2026-03-27 02:22:08,138 log Internal Server Error: /api/v1/vehicles/
WARNING 2026-03-27 02:24:40,591 log Not Found: /api/v1/drivers/available/
ERROR 2026-03-27 02:24:40,596 log Internal Server Error: /api/v1/reservations/
ERROR 2026-03-27 02:24:40,597 log Internal Server Error: /api/v1/vehicles/
WARNING 2026-03-27 02:24:40,614 log Not Found: /api/v1/drivers/available/
ERROR 2026-03-27 02:24:40,629 log Internal Server Error: /api/v1/reservations/
ERROR 2026-03-27 02:24:40,630 log Internal Server Error: /api/v1/vehicles/
WARNING 2026-03-27 02:28:36,127 log Not Found: /api/v1/drivers/available/
ERROR 2026-03-27 02:28:36,134 log Internal Server Error: /api/v1/vehicles/
ERROR 2026-03-27 02:28:36,138 log Internal Server Error: /api/v1/reservations/
WARNING 2026-03-27 02:59:34,996 log Bad Request: /api/v1/auth/logout/
ERROR 2026-03-27 03:16:55,701 log Internal Server Error: /api/v1/vehicles/
ERROR 2026-03-27 03:16:55,709 log Internal Server Error: /api/v1/reservations/
WARNING 2026-03-27 03:16:55,736 log Not Found: /api/v1/drivers/available/
ERROR 2026-03-27 03:16:55,755 log Internal Server Error: /api/v1/vehicles/
ERROR 2026-03-27 03:16:55,758 log Internal Server Error: /api/v1/reservations/
WARNING 2026-03-27 03:16:55,772 log Not Found: /api/v1/drivers/available/
WARNING 2026-03-27 03:58:45,405 log Not Found: /
ERROR 2026-03-27 07:06:38,081 log Internal Server Error: /api/v1/vehicles/
ERROR 2026-03-27 07:06:38,114 log Internal Server Error: /api/v1/reservations/
WARNING 2026-03-27 07:06:38,128 log Not Found: /api/v1/drivers/available/
ERROR 2026-03-27 07:06:38,155 log Internal Server Error: /api/v1/vehicles/
WARNING 2026-03-27 07:06:38,172 log Not Found: /api/v1/drivers/available/
ERROR 2026-03-27 07:06:38,177 log Internal Server Error: /api/v1/reservations/
ERROR 2026-03-27 07:10:52,550 log Internal Server Error: /api/v1/vehicles/
ERROR 2026-03-27 07:10:52,557 log Internal Server Error: /api/v1/reservations/
WARNING 2026-03-27 07:10:52,573 log Not Found: /api/v1/drivers/available/
ERROR 2026-03-27 07:10:52,596 log Internal Server Error: /api/v1/vehicles/
ERROR 2026-03-27 07:10:52,601 log Internal Server Error: /api/v1/reservations/
WARNING 2026-03-27 07:10:52,612 log Not Found: /api/v1/drivers/available/
ERROR 2026-03-27 07:13:55,104 log Internal Server Error: /api/v1/reservations/
ERROR 2026-03-27 07:13:55,105 log Internal Server Error: /api/v1/vehicles/
WARNING 2026-03-27 07:13:55,130 log Not Found: /api/v1/drivers/available/
WARNING 2026-03-27 07:25:35,156 log Bad Request: /api/v1/auth/logout/
WARNING 2026-03-27 07:25:37,132 log Unauthorized: /api/v1/auth/logout/
WARNING 2026-03-27 07:25:40,100 log Unauthorized: /api/v1/auth/logout/
WARNING 2026-03-27 07:29:28,377 log Unauthorized: /api/v1/auth/logout/
ERROR 2026-03-27 07:29:39,972 log Internal Server Error: /api/v1/vehicles/
ERROR 2026-03-27 07:29:39,991 log Internal Server Error: /api/v1/reservations/
WARNING 2026-03-27 07:29:40,026 log Not Found: /api/v1/drivers/available/
ERROR 2026-03-27 07:29:40,063 log Internal Server Error: /api/v1/vehicles/
ERROR 2026-03-27 07:29:40,085 log Internal Server Error: /api/v1/reservations/
WARNING 2026-03-27 07:29:40,125 log Not Found: /api/v1/drivers/available/
WARNING 2026-03-27 07:29:44,585 log Bad Request: /api/v1/auth/logout/
WARNING 2026-03-27 07:30:08,468 log Not Found: /api/v1/drivers/available/
ERROR 2026-03-27 07:30:08,484 log Internal Server Error: /api/v1/vehicles/
ERROR 2026-03-27 07:30:08,486 log Internal Server Error: /api/v1/reservations/
WARNING 2026-03-27 07:30:08,520 log Not Found: /api/v1/drivers/available/
ERROR 2026-03-27 07:30:08,546 log Internal Server Error: /api/v1/vehicles/
ERROR 2026-03-27 07:30:08,552 log Internal Server Error: /api/v1/reservations/
WARNING 2026-03-27 07:30:11,078 log Bad Request: /api/v1/auth/logout/
WARNING 2026-03-27 07:33:52,100 log Not Found: /api/v1/drivers/available/
ERROR 2026-03-27 07:33:52,111 log Internal Server Error: /api/v1/reservations/
ERROR 2026-03-27 07:33:52,112 log Internal Server Error: /api/v1/vehicles/
WARNING 2026-03-27 07:33:52,127 log Not Found: /api/v1/drivers/available/
ERROR 2026-03-27 07:33:52,148 log Internal Server Error: /api/v1/vehicles/
ERROR 2026-03-27 07:33:52,149 log Internal Server Error: /api/v1/reservations/
WARNING 2026-03-27 07:33:56,314 log Bad Request: /api/v1/auth/logout/
WARNING 2026-03-27 07:33:58,488 log Unauthorized: /api/v1/auth/logout/
WARNING 2026-03-27 07:33:59,372 log Unauthorized: /api/v1/auth/logout/
WARNING 2026-03-27 07:33:59,603 log Unauthorized: /api/v1/auth/logout/
WARNING 2026-03-27 07:34:12,218 log Unauthorized: /api/v1/auth/logout/
WARNING 2026-03-27 07:35:52,338 log Unauthorized: /api/v1/auth/logout/
WARNING 2026-03-27 07:35:53,755 log Unauthorized: /api/v1/auth/logout/
WARNING 2026-03-27 07:35:54,886 log Unauthorized: /api/v1/auth/logout/
WARNING 2026-03-27 07:38:25,232 log Unauthorized: /api/v1/auth/logout/
WARNING 2026-03-27 07:38:26,617 log Unauthorized: /api/v1/auth/logout/
WARNING 2026-03-27 07:38:27,602 log Unauthorized: /api/v1/auth/logout/
ERROR 2026-03-27 08:10:03,732 log Internal Server Error: /api/v1/vehicles/
ERROR 2026-03-27 08:10:03,732 log Internal Server Error: /api/v1/reservations/
WARNING 2026-03-27 08:10:03,750 log Not Found: /api/v1/drivers/available/
ERROR 2026-03-27 08:10:03,770 log Internal Server Error: /api/v1/vehicles/
WARNING 2026-03-27 08:10:03,784 log Not Found: /api/v1/drivers/available/
ERROR 2026-03-27 08:10:03,785 log Internal Server Error: /api/v1/reservations/
WARNING 2026-03-27 08:10:12,520 log Not Found: /api/v1/drivers/available/
ERROR 2026-03-27 08:10:12,527 log Internal Server Error: /api/v1/vehicles/
ERROR 2026-03-27 08:10:12,527 log Internal Server Error: /api/v1/reservations/
WARNING 2026-03-27 08:10:12,537 log Not Found: /api/v1/drivers/available/
ERROR 2026-03-27 08:10:12,555 log Internal Server Error: /api/v1/vehicles/
ERROR 2026-03-27 08:10:12,557 log Internal Server Error: /api/v1/reservations/
WARNING 2026-03-27 08:19:41,457 log Not Found: /api/v1/vehicles/my-vehicle/
ERROR 2026-03-27 08:19:41,464 log Internal Server Error: /api/v1/reservations/
ERROR 2026-03-27 08:19:41,467 log Internal Server Error: /api/v1/notifications/
WARNING 2026-03-27 08:19:41,486 log Not Found: /api/v1/vehicles/my-vehicle/
ERROR 2026-03-27 08:19:41,505 log Internal Server Error: /api/v1/reservations/
ERROR 2026-03-27 08:19:41,507 log Internal Server Error: /api/v1/notifications/
INFO 2026-03-27 09:06:22,347 autoreload Watching for file changes with StatReloader
INFO 2026-03-27 09:08:00,930 autoreload Watching for file changes with StatReloader
ERROR 2026-03-27 09:08:19,049 log Internal Server Error: /api/v1/vehicles/
ERROR 2026-03-27 09:08:19,086 log Internal Server Error: /api/v1/reservations/
WARNING 2026-03-27 09:08:19,098 log Not Found: /api/v1/drivers/available/
ERROR 2026-03-27 09:08:19,110 log Internal Server Error: /api/v1/vehicles/
WARNING 2026-03-27 09:08:19,118 log Not Found: /api/v1/drivers/available/
ERROR 2026-03-27 09:08:19,122 log Internal Server Error: /api/v1/reservations/
ERROR 2026-03-28 10:05:27,869 log Internal Server Error: /api/v1/vehicles/
WARNING 2026-03-28 10:05:27,913 log Not Found: /api/v1/drivers/available/
ERROR 2026-03-28 10:05:27,914 log Internal Server Error: /api/v1/reservations/
ERROR 2026-03-28 10:05:27,945 log Internal Server Error: /api/v1/vehicles/
WARNING 2026-03-28 10:05:27,966 log Not Found: /api/v1/drivers/available/
ERROR 2026-03-28 10:05:27,982 log Internal Server Error: /api/v1/reservations/
WARNING 2026-03-28 10:07:33,206 log Not Found: /api/v1/vehicles/my-vehicle/
ERROR 2026-03-28 10:07:33,235 log Internal Server Error: /api/v1/reservations/
WARNING 2026-03-28 10:07:33,255 log Not Found: /api/v1/vehicles/my-vehicle/
ERROR 2026-03-28 10:07:33,256 log Internal Server Error: /api/v1/notifications/
ERROR 2026-03-28 10:07:33,273 log Internal Server Error: /api/v1/reservations/
ERROR 2026-03-28 10:07:33,281 log Internal Server Error: /api/v1/notifications/
WARNING 2026-03-28 10:09:01,011 log Bad Request: /api/v1/auth/logout/
ERROR 2026-03-29 20:52:33,678 log Internal Server Error: /api/v1/vehicles/
ERROR 2026-03-29 20:52:33,707 log Internal Server Error: /api/v1/reservations/
WARNING 2026-03-29 20:52:33,740 log Not Found: /api/v1/drivers/available/
ERROR 2026-03-29 20:52:33,748 log Internal Server Error: /api/v1/vehicles/
ERROR 2026-03-29 20:52:33,770 log Internal Server Error: /api/v1/reservations/
WARNING 2026-03-29 20:52:33,792 log Not Found: /api/v1/drivers/available/
WARNING 2026-03-29 20:54:06,303 log Not Found: /favicon.ico
INFO 2026-03-29 21:12:26,200 autoreload C:\Users\DELL\AppData\Local\Programs\Python\Python313\Lib\site-packages\django\apps\__init__.py changed, reloading.
INFO 2026-03-29 21:20:42,087 autoreload Watching for file changes with StatReloader
INFO 2026-03-29 21:22:02,657 autoreload Watching for file changes with StatReloader
INFO 2026-03-29 21:23:55,187 autoreload Watching for file changes with StatReloader
INFO 2026-03-29 21:24:12,138 autoreload C:\Users\DELL\projet_tuteure\backend\driveparc\apps\users\urls.py changed, reloading.
INFO 2026-03-29 21:24:14,204 autoreload Watching for file changes with StatReloader
INFO 2026-03-29 21:24:19,763 autoreload C:\Users\DELL\projet_tuteure\backend\driveparc\apps\users\urls.py changed, reloading.
INFO 2026-03-29 21:24:21,567 autoreload Watching for file changes with StatReloader
INFO 2026-03-29 21:24:25,548 autoreload C:\Users\DELL\projet_tuteure\backend\driveparc\apps\users\urls.py changed, reloading.
INFO 2026-03-29 21:24:27,340 autoreload Watching for file changes with StatReloader
INFO 2026-03-29 21:24:40,742 autoreload C:\Users\DELL\projet_tuteure\backend\driveparc\apps\reservations\urls.py changed, reloading.
INFO 2026-03-29 21:24:42,663 autoreload Watching for file changes with StatReloader
INFO 2026-03-29 21:25:13,775 autoreload C:\Users\DELL\projet_tuteure\backend\driveparc\apps\maintenance\urls.py changed, reloading.
INFO 2026-03-29 21:25:15,597 autoreload Watching for file changes with StatReloader
INFO 2026-03-29 21:25:25,490 autoreload C:\Users\DELL\projet_tuteure\backend\driveparc\apps\fuel\urls.py changed, reloading.
INFO 2026-03-29 21:25:27,350 autoreload Watching for file changes with StatReloader
INFO 2026-03-29 21:26:11,300 autoreload Watching for file changes with StatReloader
ERROR 2026-03-29 21:26:20,076 log Internal Server Error: /api/v1/vehicles/
INFO 2026-03-29 21:28:57,660 autoreload Watching for file changes with StatReloader
ERROR 2026-03-29 21:29:03,687 log Internal Server Error: /api/v1/vehicles/
ERROR 2026-03-29 21:35:56,585 log Internal Server Error: /api/v1/vehicles/
INFO 2026-03-29 21:37:20,190 autoreload C:\Users\DELL\projet_tuteure\backend\driveparc\core\exceptions.py changed, reloading.
INFO 2026-03-29 21:37:22,129 autoreload Watching for file changes with StatReloader
INFO 2026-03-29 21:39:00,765 autoreload Watching for file changes with StatReloader
ERROR 2026-03-29 21:39:10,272 log Internal Server Error: /api/v1/vehicles/
ERROR 2026-03-29 21:39:19,151 log Internal Server Error: /api/v1/vehicles/
INFO 2026-03-29 21:41:57,766 autoreload Watching for file changes with StatReloader
WARNING 2026-03-29 21:42:24,537 log Not Found: /api/v1/maintenance/
WARNING 2026-03-29 21:42:24,557 log Not Found: /api/v1/drivers/available/
WARNING 2026-03-29 21:42:24,649 log Not Found: /api/v1/maintenance/
WARNING 2026-03-29 21:42:24,670 log Not Found: /api/v1/drivers/available/
ERROR 2026-03-29 21:42:24,686 log Internal Server Error: /api/v1/reservations/
ERROR 2026-03-29 21:42:24,906 log Internal Server Error: /api/v1/reservations/
INFO 2026-03-29 21:44:53,549 autoreload Watching for file changes with StatReloader
WARNING 2026-03-29 21:49:20,866 log Not Found: /api/v1/maintenance/
WARNING 2026-03-29 21:49:20,964 log Not Found: /api/v1/maintenance/
WARNING 2026-03-29 21:52:40,067 log Not Found: /api/v1/maintenance/
WARNING 2026-03-29 21:54:43,266 log Not Found: /api/v1/maintenance/
WARNING 2026-03-29 22:04:27,990 log Not Found: /api/v1/maintenance/
WARNING 2026-03-29 22:08:41,982 log Not Found: /api/v1/maintenance/
WARNING 2026-03-29 22:09:31,769 log Not Found: /api/v1/vehicles/my-vehicle/
WARNING 2026-03-29 22:09:31,829 log Not Found: /api/v1/vehicles/my-vehicle/
INFO 2026-03-29 23:01:23,141 autoreload C:\Users\DELL\projet_tuteure\backend\driveparc\apps\reservations\views.py changed, reloading.
INFO 2026-03-29 23:01:25,575 autoreload Watching for file changes with StatReloader
INFO 2026-03-29 23:01:36,784 autoreload C:\Users\DELL\projet_tuteure\backend\driveparc\apps\reservations\serializers.py changed, reloading.
INFO 2026-03-29 23:01:38,640 autoreload Watching for file changes with StatReloader
INFO 2026-03-29 23:01:51,313 autoreload C:\Users\DELL\projet_tuteure\backend\driveparc\apps\reservations\urls.py changed, reloading.
INFO 2026-03-29 23:01:52,929 autoreload Watching for file changes with StatReloader
WARNING 2026-03-29 23:07:14,658 log Bad Request: /api/v1/reservations/
WARNING 2026-03-29 23:07:29,276 log Bad Request: /api/v1/reservations/
INFO 2026-03-29 23:30:11,755 autoreload C:\Users\DELL\projet_tuteure\backend\driveparc\apps\reservations\models.py changed, reloading.
INFO 2026-03-29 23:30:13,007 autoreload Watching for file changes with StatReloader
INFO 2026-03-29 23:30:18,624 autoreload C:\Users\DELL\projet_tuteure\backend\driveparc\apps\reservations\models.py changed, reloading.
INFO 2026-03-29 23:30:19,483 autoreload Watching for file changes with StatReloader
INFO 2026-03-29 23:30:39,485 autoreload C:\Users\DELL\projet_tuteure\backend\driveparc\apps\reservations\serializers.py changed, reloading.
INFO 2026-03-29 23:30:40,112 autoreload Watching for file changes with StatReloader
INFO 2026-03-29 23:31:54,143 autoreload C:\Users\DELL\projet_tuteure\backend\driveparc\apps\reservations\views.py changed, reloading.
INFO 2026-03-29 23:31:54,793 autoreload Watching for file changes with StatReloader
WARNING 2026-03-29 23:33:26,765 log Unauthorized: /api/v1/reservations/
WARNING 2026-03-29 23:33:35,092 log Unauthorized: /api/v1/reservations/
INFO 2026-03-29 23:35:21,269 autoreload Watching for file changes with StatReloader
WARNING 2026-03-29 23:35:27,561 log Unauthorized: /api/v1/reservations/
WARNING 2026-03-29 23:35:44,908 log Not Found: /api/v1/vehicles/my-vehicle/
WARNING 2026-03-29 23:35:44,936 log Not Found: /api/v1/vehicles/my-vehicle/
WARNING 2026-03-29 23:36:53,460 log Bad Request: /api/v1/reservations/
WARNING 2026-03-29 23:42:28,953 log Bad Request: /api/v1/reservations/
INFO 2026-03-29 23:44:25,067 autoreload Watching for file changes with StatReloader
WARNING 2026-03-29 23:44:31,307 log Bad Request: /api/v1/reservations/
WARNING 2026-03-29 23:44:39,015 log Bad Request: /api/v1/reservations/
WARNING 2026-03-30 02:58:41,402 log Not Found: /api/v1/vehicles/my-vehicle/
WARNING 2026-03-30 02:58:41,503 log Not Found: /api/v1/vehicles/my-vehicle/
WARNING 2026-03-30 04:17:27,114 log Not Found: /api/v1/vehicles/my-vehicle/
WARNING 2026-03-30 04:17:27,180 log Not Found: /api/v1/vehicles/my-vehicle/
WARNING 2026-03-30 04:21:02,790 log Bad Request: /api/v1/auth/logout/
WARNING 2026-03-30 04:21:17,469 log Not Found: /api/v1/maintenance/
WARNING 2026-03-30 04:21:17,562 log Not Found: /api/v1/maintenance/
WARNING 2026-03-30 04:35:37,419 log Not Found: /api/v1/maintenance/
INFO 2026-03-30 04:38:29,473 autoreload C:\Users\DELL\projet_tuteure\backend\driveparc\apps\vehicles\models.py changed, reloading.
INFO 2026-03-30 04:38:31,525 autoreload Watching for file changes with StatReloader
INFO 2026-03-30 04:38:59,799 autoreload C:\Users\DELL\projet_tuteure\backend\driveparc\apps\vehicles\models.py changed, reloading.
INFO 2026-03-30 04:39:01,290 autoreload Watching for file changes with StatReloader
INFO 2026-03-30 04:39:10,462 autoreload C:\Users\DELL\projet_tuteure\backend\driveparc\apps\vehicles\models.py changed, reloading.
INFO 2026-03-30 04:39:12,479 autoreload Watching for file changes with StatReloader
INFO 2026-03-30 04:40:16,789 autoreload C:\Users\DELL\projet_tuteure\backend\driveparc\apps\vehicles\serializers.py changed, reloading.
INFO 2026-03-30 04:40:18,534 autoreload Watching for file changes with StatReloader
INFO 2026-03-30 04:40:22,354 autoreload C:\Users\DELL\projet_tuteure\backend\driveparc\apps\vehicles\serializers.py changed, reloading.
INFO 2026-03-30 04:40:23,850 autoreload Watching for file changes with StatReloader
INFO 2026-03-30 04:40:27,433 autoreload C:\Users\DELL\projet_tuteure\backend\driveparc\apps\vehicles\serializers.py changed, reloading.
INFO 2026-03-30 04:40:28,812 autoreload Watching for file changes with StatReloader
INFO 2026-03-30 04:45:36,506 autoreload Watching for file changes with StatReloader
WARNING 2026-03-30 04:47:45,299 log Not Found: /api/v1/users/
WARNING 2026-03-30 04:47:45,386 log Not Found: /api/v1/users/
INFO 2026-03-30 05:02:11,402 autoreload Watching for file changes with StatReloader
WARNING 2026-03-30 05:02:16,066 log Not Found: /api/v1/users/
WARNING 2026-03-30 05:02:16,114 log Not Found: /api/v1/users/
WARNING 2026-03-30 05:04:29,074 log Not Found: /api/v1/maintenance/
WARNING 2026-03-30 05:04:29,153 log Not Found: /api/v1/maintenance/
WARNING 2026-03-30 05:04:43,900 log Not Found: /api/v1/users/
WARNING 2026-03-30 05:04:43,968 log Not Found: /api/v1/users/
WARNING 2026-03-30 05:55:50,590 log Not Found: /api/v1/maintenance/
WARNING 2026-03-30 05:55:50,623 log Not Found: /api/v1/maintenance/
WARNING 2026-03-30 05:56:52,014 log Not Found: /api/v1/users/
WARNING 2026-03-30 05:56:52,120 log Not Found: /api/v1/users/
WARNING 2026-03-30 06:11:47,629 log Not Found: /api/v1/vehicles/my-vehicle/
WARNING 2026-03-30 06:11:47,685 log Not Found: /api/v1/vehicles/my-vehicle/
WARNING 2026-03-30 06:12:48,763 log Not Found: /api/v1/vehicles/my-vehicle/
WARNING 2026-03-30 06:12:48,819 log Not Found: /api/v1/vehicles/my-vehicle/
WARNING 2026-03-30 06:13:57,576 log Not Found: /api/v1/maintenance/
WARNING 2026-03-30 06:13:57,656 log Not Found: /api/v1/maintenance/
WARNING 2026-03-30 06:14:13,101 log Not Found: /api/v1/users/
WARNING 2026-03-30 06:14:13,184 log Not Found: /api/v1/users/
WARNING 2026-03-30 06:16:02,466 log Not Found: /api/v1/maintenance/
WARNING 2026-03-30 06:17:41,531 log Not Found: /api/v1/maintenance/
WARNING 2026-03-30 06:18:56,688 log Not Found: /api/v1/maintenance/
WARNING 2026-03-30 06:26:42,271 log Not Found: /api/v1/maintenance/
WARNING 2026-03-30 06:29:17,160 log Not Found: /api/v1/maintenance/
WARNING 2026-03-30 06:31:14,982 log Not Found: /api/v1/maintenance/
WARNING 2026-03-30 06:33:31,242 log Not Found: /api/v1/maintenance/
WARNING 2026-03-30 06:53:30,111 log Not Found: /api/v1/maintenance/
WARNING 2026-03-30 06:53:30,220 log Not Found: /api/v1/maintenance/
WARNING 2026-03-30 06:53:46,815 log Not Found: /api/v1/users/
WARNING 2026-03-30 06:53:46,867 log Not Found: /api/v1/users/
WARNING 2026-03-30 06:59:50,744 log Not Found: /api/v1/maintenance/
WARNING 2026-03-30 06:59:50,836 log Not Found: /api/v1/maintenance/
WARNING 2026-03-30 07:02:02,041 log Not Found: /api/v1/users/
WARNING 2026-03-30 07:02:02,071 log Not Found: /api/v1/users/
WARNING 2026-03-30 07:04:43,217 log Not Found: /api/v1/vehicles/my-vehicle/
WARNING 2026-03-30 07:04:43,285 log Not Found: /api/v1/vehicles/my-vehicle/
WARNING 2026-03-30 07:05:44,247 log Bad Request: /api/v1/auth/logout/
WARNING 2026-03-30 07:05:58,832 log Not Found: /api/v1/vehicles/my-vehicle/
WARNING 2026-03-30 07:05:58,961 log Not Found: /api/v1/vehicles/my-vehicle/
WARNING 2026-03-30 11:34:54,797 log Not Found: /api/v1/vehicles/my-vehicle/
WARNING 2026-03-30 11:34:54,862 log Not Found: /api/v1/vehicles/my-vehicle/
WARNING 2026-03-30 11:39:54,085 log Bad Request: /api/v1/auth/logout/
WARNING 2026-03-30 11:40:08,360 log Not Found: /api/v1/maintenance/
WARNING 2026-03-30 11:40:08,473 log Not Found: /api/v1/maintenance/
WARNING 2026-03-30 11:41:19,679 log Not Found: /api/v1/users/
WARNING 2026-03-30 11:41:19,729 log Not Found: /api/v1/users/
INFO 2026-04-02 08:54:42,635 autoreload Watching for file changes with StatReloader
INFO 2026-04-02 08:57:05,548 autoreload Watching for file changes with StatReloader
WARNING 2026-04-02 08:58:24,180 log Not Found: /api/v1/maintenance/
WARNING 2026-04-02 08:58:24,245 log Not Found: /api/v1/maintenance/
WARNING 2026-04-02 09:00:36,593 log Not Found: /api/v1/users/
WARNING 2026-04-02 09:00:36,645 log Not Found: /api/v1/users/
WARNING 2026-04-02 09:01:21,072 log Not Found: /api/v1/vehicles/my-vehicle/
WARNING 2026-04-02 09:01:21,170 log Not Found: /api/v1/vehicles/my-vehicle/
WARNING 2026-04-02 09:03:47,786 log Bad Request: /api/v1/auth/logout/
WARNING 2026-04-02 09:06:09,925 log Not Found: /api/v1/maintenance/
WARNING 2026-04-02 09:06:10,023 log Not Found: /api/v1/maintenance/
WARNING 2026-04-02 11:23:27,430 log Not Found: /api/v1/maintenance/
WARNING 2026-04-02 11:23:27,494 log Not Found: /api/v1/maintenance/
WARNING 2026-04-02 11:35:20,704 log Not Found: /api/v1/maintenance/
WARNING 2026-04-02 11:35:22,224 log Not Found: /api/v1/maintenance/
WARNING 2026-04-02 11:36:04,162 log Not Found: /api/v1/maintenance/
WARNING 2026-04-02 11:36:05,198 log Not Found: /api/v1/maintenance/
WARNING 2026-04-02 11:36:20,156 log Not Found: /api/v1/maintenance/
WARNING 2026-04-02 11:36:51,234 log Not Found: /api/v1/maintenance/
WARNING 2026-04-02 11:36:54,148 log Not Found: /api/v1/maintenance/
WARNING 2026-04-02 11:37:55,236 log Not Found: /api/v1/maintenance/
WARNING 2026-04-02 11:37:57,192 log Not Found: /api/v1/maintenance/
WARNING 2026-04-02 11:38:07,273 log Not Found: /api/v1/maintenance/
WARNING 2026-04-02 11:38:14,172 log Not Found: /api/v1/maintenance/
WARNING 2026-04-03 04:18:11,434 log Not Found: /api/v1/maintenance/
WARNING 2026-04-03 04:18:11,517 log Not Found: /api/v1/maintenance/
WARNING 2026-04-03 04:38:01,698 log Not Found: /api/v1/maintenance/
WARNING 2026-04-03 04:38:01,742 log Not Found: /api/v1/maintenance/
WARNING 2026-04-03 04:40:14,014 log Not Found: /api/v1/maintenance/
WARNING 2026-04-03 04:40:14,046 log Not Found: /api/v1/maintenance/
WARNING 2026-04-03 04:41:07,381 log Not Found: /api/v1/maintenance/
INFO 2026-04-03 04:53:29,774 autoreload C:\Users\DELL\projet_tuteure\backend\driveparc\apps\vehicles\models.py changed, reloading.
INFO 2026-04-03 04:53:31,224 autoreload Watching for file changes with StatReloader
INFO 2026-04-03 04:53:37,020 autoreload C:\Users\DELL\projet_tuteure\backend\driveparc\apps\vehicles\models.py changed, reloading.
INFO 2026-04-03 04:53:37,799 autoreload Watching for file changes with StatReloader
INFO 2026-04-03 04:56:25,440 autoreload Watching for file changes with StatReloader
WARNING 2026-04-03 04:59:32,731 log Not Found: /api/v1/maintenance/
WARNING 2026-04-03 04:59:32,809 log Not Found: /api/v1/maintenance/
WARNING 2026-04-03 05:09:27,825 log Not Found: /api/v1/maintenance/
WARNING 2026-04-03 05:09:27,869 log Not Found: /api/v1/maintenance/
WARNING 2026-04-03 05:23:28,924 log Bad Request: /api/v1/vehicles/
WARNING 2026-04-03 05:25:05,336 log Bad Request: /api/v1/vehicles/
WARNING 2026-04-03 05:29:16,219 log Bad Request: /api/v1/vehicles/
WARNING 2026-04-05 05:48:29,949 log Not Found: /api/v1/maintenance/
WARNING 2026-04-05 05:48:30,009 log Not Found: /api/v1/maintenance/
INFO 2026-04-05 06:21:07,881 autoreload C:\Users\DELL\projet_tuteure\backend\driveparc\apps\vehicles\serializers.py changed, reloading.
INFO 2026-04-05 06:21:09,076 autoreload Watching for file changes with StatReloader
WARNING 2026-04-05 06:24:26,949 log Not Found: /api/v1/maintenance/
WARNING 2026-04-05 06:24:27,043 log Not Found: /api/v1/maintenance/
WARNING 2026-04-05 06:29:24,443 log Not Found: /api/v1/users/
WARNING 2026-04-05 06:29:24,467 log Not Found: /api/v1/users/
INFO 2026-04-05 06:37:16,603 autoreload C:\Users\DELL\projet_tuteure\backend\driveparc\apps\vehicles\views.py changed, reloading.
INFO 2026-04-05 06:37:17,353 autoreload Watching for file changes with StatReloader
INFO 2026-04-05 06:37:24,175 autoreload C:\Users\DELL\projet_tuteure\backend\driveparc\apps\vehicles\views.py changed, reloading.
INFO 2026-04-05 06:37:24,838 autoreload Watching for file changes with StatReloader
INFO 2026-04-05 06:37:27,404 autoreload C:\Users\DELL\projet_tuteure\backend\driveparc\apps\vehicles\views.py changed, reloading.
INFO 2026-04-05 06:37:28,076 autoreload Watching for file changes with StatReloader
INFO 2026-04-05 06:40:51,913 autoreload C:\Users\DELL\projet_tuteure\backend\driveparc\apps\reservations\views.py changed, reloading.
INFO 2026-04-05 06:40:54,256 autoreload Watching for file changes with StatReloader
INFO 2026-04-05 06:41:01,177 autoreload C:\Users\DELL\projet_tuteure\backend\driveparc\apps\reservations\views.py changed, reloading.
INFO 2026-04-05 06:41:03,018 autoreload Watching for file changes with StatReloader
INFO 2026-04-05 06:41:05,300 autoreload C:\Users\DELL\projet_tuteure\backend\driveparc\apps\reservations\views.py changed, reloading.
INFO 2026-04-05 06:41:07,131 autoreload Watching for file changes with StatReloader
INFO 2026-04-05 06:41:17,998 autoreload C:\Users\DELL\projet_tuteure\backend\driveparc\apps\reservations\views.py changed, reloading.
INFO 2026-04-05 06:41:19,770 autoreload Watching for file changes with StatReloader
INFO 2026-04-05 06:41:29,065 autoreload C:\Users\DELL\projet_tuteure\backend\driveparc\apps\reservations\views.py changed, reloading.
INFO 2026-04-05 06:41:30,964 autoreload Watching for file changes with StatReloader
INFO 2026-04-05 06:41:33,544 autoreload C:\Users\DELL\projet_tuteure\backend\driveparc\apps\reservations\views.py changed, reloading.
INFO 2026-04-05 06:41:35,207 autoreload Watching for file changes with StatReloader
INFO 2026-04-05 06:41:53,623 autoreload C:\Users\DELL\projet_tuteure\backend\driveparc\apps\reservations\views.py changed, reloading.
INFO 2026-04-05 06:41:55,765 autoreload Watching for file changes with StatReloader
INFO 2026-04-05 06:42:01,762 autoreload C:\Users\DELL\projet_tuteure\backend\driveparc\apps\reservations\views.py changed, reloading.
INFO 2026-04-05 06:42:03,548 autoreload Watching for file changes with StatReloader
INFO 2026-04-05 06:42:05,859 autoreload C:\Users\DELL\projet_tuteure\backend\driveparc\apps\reservations\views.py changed, reloading.
INFO 2026-04-05 06:42:07,657 autoreload Watching for file changes with StatReloader
INFO 2026-04-05 06:42:12,733 autoreload C:\Users\DELL\projet_tuteure\backend\driveparc\apps\reservations\views.py changed, reloading.
INFO 2026-04-05 06:42:14,559 autoreload Watching for file changes with StatReloader
WARNING 2026-04-05 06:42:43,379 log Not Found: /api/v1/maintenance/
WARNING 2026-04-05 06:43:08,954 log Not Found: /api/v1/maintenance/
WARNING 2026-04-05 06:43:47,115 log Not Found: /api/v1/maintenance/
WARNING 2026-04-05 06:43:47,209 log Not Found: /api/v1/maintenance/
WARNING 2026-04-05 06:51:41,273 log Not Found: /api/v1/maintenance/
WARNING 2026-04-05 06:53:38,967 log Not Found: /api/v1/maintenance/
WARNING 2026-04-05 06:53:48,595 log Not Found: /api/v1/users/
WARNING 2026-04-05 06:53:48,667 log Not Found: /api/v1/users/
WARNING 2026-04-05 06:54:13,316 log Not Found: /api/v1/users/
WARNING 2026-04-05 06:54:13,371 log Not Found: /api/v1/users/
WARNING 2026-04-05 07:10:24,727 log Not Found: /api/v1/users/
ERROR 2026-04-05 07:15:29,481 log Internal Server Error: /api/v1/reservations/2/approve/
WARNING 2026-04-05 07:16:26,428 log Not Found: /api/v1/vehicles/my-vehicle/
WARNING 2026-04-05 07:16:26,556 log Not Found: /api/v1/vehicles/my-vehicle/
INFO 2026-04-05 07:35:38,459 autoreload C:\Users\DELL\projet_tuteure\backend\driveparc\apps\users\models.py changed, reloading.
INFO 2026-04-05 07:35:40,505 autoreload Watching for file changes with StatReloader
INFO 2026-04-05 07:36:41,246 autoreload C:\Users\DELL\projet_tuteure\backend\driveparc\apps\users\models.py changed, reloading.
INFO 2026-04-05 07:36:43,419 autoreload Watching for file changes with StatReloader
INFO 2026-04-05 07:36:55,292 autoreload C:\Users\DELL\projet_tuteure\backend\driveparc\apps\users\models.py changed, reloading.
INFO 2026-04-05 07:36:57,200 autoreload Watching for file changes with StatReloader
INFO 2026-04-05 07:37:00,528 autoreload C:\Users\DELL\projet_tuteure\backend\driveparc\apps\users\models.py changed, reloading.
INFO 2026-04-05 07:37:02,794 autoreload Watching for file changes with StatReloader
INFO 2026-04-05 07:37:33,618 autoreload C:\Users\DELL\projet_tuteure\backend\driveparc\apps\users\serializers.py changed, reloading.
INFO 2026-04-05 07:37:35,829 autoreload Watching for file changes with StatReloader
INFO 2026-04-05 07:38:10,321 autoreload C:\Users\DELL\projet_tuteure\backend\driveparc\apps\users\views.py changed, reloading.
INFO 2026-04-05 07:38:12,083 autoreload Watching for file changes with StatReloader
INFO 2026-04-05 07:38:24,643 autoreload C:\Users\DELL\projet_tuteure\backend\driveparc\apps\users\views.py changed, reloading.
INFO 2026-04-05 07:38:26,646 autoreload Watching for file changes with StatReloader
INFO 2026-04-05 07:38:43,060 autoreload C:\Users\DELL\projet_tuteure\backend\driveparc\apps\users\views.py changed, reloading.
INFO 2026-04-05 07:38:45,060 autoreload Watching for file changes with StatReloader
INFO 2026-04-05 07:38:48,700 autoreload C:\Users\DELL\projet_tuteure\backend\driveparc\apps\users\views.py changed, reloading.
INFO 2026-04-05 07:38:50,775 autoreload Watching for file changes with StatReloader
INFO 2026-04-05 07:38:53,989 autoreload C:\Users\DELL\projet_tuteure\backend\driveparc\apps\users\views.py changed, reloading.
INFO 2026-04-05 07:38:55,713 autoreload Watching for file changes with StatReloader
INFO 2026-04-05 07:38:58,149 autoreload C:\Users\DELL\projet_tuteure\backend\driveparc\apps\users\views.py changed, reloading.
INFO 2026-04-05 07:39:00,124 autoreload Watching for file changes with StatReloader
INFO 2026-04-05 07:39:24,094 autoreload C:\Users\DELL\projet_tuteure\backend\driveparc\apps\users\views.py changed, reloading.
INFO 2026-04-05 07:39:25,700 autoreload Watching for file changes with StatReloader
INFO 2026-04-05 07:39:30,517 autoreload C:\Users\DELL\projet_tuteure\backend\driveparc\apps\users\views.py changed, reloading.
INFO 2026-04-05 07:39:32,631 autoreload Watching for file changes with StatReloader
INFO 2026-04-05 07:39:37,500 autoreload C:\Users\DELL\projet_tuteure\backend\driveparc\apps\users\views.py changed, reloading.
INFO 2026-04-05 07:39:39,264 autoreload Watching for file changes with StatReloader
INFO 2026-04-05 07:39:46,181 autoreload C:\Users\DELL\projet_tuteure\backend\driveparc\apps\users\views.py changed, reloading.
INFO 2026-04-05 07:39:48,213 autoreload Watching for file changes with StatReloader
WARNING 2026-04-05 07:44:14,322 log Not Found: /api/v1/users/my-status/
WARNING 2026-04-05 07:44:14,540 log Not Found: /api/v1/vehicles/my-vehicle/
WARNING 2026-04-05 07:58:34,445 log Not Found: /api/v1/users/my-status/
WARNING 2026-04-05 07:58:35,890 log Not Found: /api/v1/users/my-status/
WARNING 2026-04-05 07:58:37,600 log Not Found: /api/v1/users/my-status/
WARNING 2026-04-05 07:59:00,089 log Not Found: /api/v1/maintenance/
WARNING 2026-04-05 07:59:00,190 log Not Found: /api/v1/maintenance/
ERROR 2026-04-05 07:59:02,956 log Internal Server Error: /api/v1/reservations/
ERROR 2026-04-05 07:59:03,048 log Internal Server Error: /api/v1/reservations/
WARNING 2026-04-05 07:59:05,983 log Not Found: /api/v1/users/
WARNING 2026-04-05 07:59:06,090 log Not Found: /api/v1/users/
WARNING 2026-04-05 08:04:15,981 log Not Found: /api/v1/users/
WARNING 2026-04-05 08:04:16,061 log Not Found: /api/v1/users/
WARNING 2026-04-05 08:04:38,340 log Not Found: /api/v1/users/
WARNING 2026-04-05 08:08:17,220 log Not Found: /api/v1/
WARNING 2026-04-05 08:08:25,838 log Not Found: /api/v1/users/
WARNING 2026-04-05 08:08:35,107 log Forbidden: /api/v1/auth/users/
WARNING 2026-04-05 08:11:56,258 log Forbidden: /api/v1/auth/users/
INFO 2026-04-05 08:13:50,178 autoreload C:\Users\DELL\projet_tuteure\backend\driveparc\apps\users\views.py changed, reloading.
INFO 2026-04-05 08:13:52,046 autoreload Watching for file changes with StatReloader
ERROR 2026-04-05 08:14:55,510 log Internal Server Error: /api/v1/reservations/
WARNING 2026-04-05 08:16:34,966 log Not Found: /api/v1/vehicles/my-vehicle/
WARNING 2026-04-05 08:16:35,019 log Not Found: /api/v1/users/my-status/
WARNING 2026-04-05 08:16:35,049 log Not Found: /api/v1/vehicles/my-vehicle/
WARNING 2026-04-05 08:16:35,099 log Not Found: /api/v1/users/my-status/
WARNING 2026-04-05 08:16:40,029 log Not Found: /api/v1/users/my-status/
WARNING 2026-04-05 08:16:53,432 log Not Found: /api/v1/users/my-status/
WARNING 2026-04-05 08:16:53,443 log Not Found: /api/v1/vehicles/my-vehicle/
WARNING 2026-04-05 08:16:53,484 log Not Found: /api/v1/users/my-status/
WARNING 2026-04-05 08:16:53,527 log Not Found: /api/v1/vehicles/my-vehicle/
WARNING 2026-04-05 08:16:58,115 log Not Found: /api/v1/users/my-status/
WARNING 2026-04-05 08:17:08,249 log Not Found: /api/v1/maintenance/
WARNING 2026-04-05 08:17:08,309 log Not Found: /api/v1/maintenance/
ERROR 2026-04-05 08:17:10,544 log Internal Server Error: /api/v1/reservations/
ERROR 2026-04-05 08:17:10,596 log Internal Server Error: /api/v1/reservations/
WARNING 2026-04-05 08:24:46,355 log Not Found: /api/v1/vehicles/my-vehicle/
WARNING 2026-04-05 08:24:46,413 log Not Found: /api/v1/users/my-status/
WARNING 2026-04-05 08:24:46,445 log Not Found: /api/v1/vehicles/my-vehicle/
WARNING 2026-04-05 08:24:46,494 log Not Found: /api/v1/users/my-status/
ERROR 2026-04-05 08:25:16,314 log Internal Server Error: /api/v1/auth/users/my-status/
WARNING 2026-04-05 08:39:41,272 log Not Found: /api/v1/users/my-status/
WARNING 2026-04-05 08:39:48,656 log Not Found: /api/v1/vehicles/my-vehicle/
WARNING 2026-04-05 08:39:48,680 log Not Found: /api/v1/users/my-status/
WARNING 2026-04-05 08:39:48,702 log Not Found: /api/v1/vehicles/my-vehicle/
WARNING 2026-04-05 08:39:48,730 log Not Found: /api/v1/users/my-status/
WARNING 2026-04-05 08:39:52,725 log Not Found: /api/v1/users/my-status/
INFO 2026-04-05 08:40:53,834 autoreload C:\Users\DELL\projet_tuteure\backend\driveparc\apps\users\views.py changed, reloading.
INFO 2026-04-05 08:40:54,475 autoreload Watching for file changes with StatReloader
INFO 2026-04-05 08:41:00,558 autoreload C:\Users\DELL\projet_tuteure\backend\driveparc\apps\users\views.py changed, reloading.
INFO 2026-04-05 08:41:01,197 autoreload Watching for file changes with StatReloader
INFO 2026-04-05 08:41:11,126 autoreload C:\Users\DELL\projet_tuteure\backend\driveparc\apps\users\views.py changed, reloading.
INFO 2026-04-05 08:41:11,732 autoreload Watching for file changes with StatReloader
INFO 2026-04-05 08:41:14,259 autoreload C:\Users\DELL\projet_tuteure\backend\driveparc\apps\users\views.py changed, reloading.
INFO 2026-04-05 08:41:15,089 autoreload Watching for file changes with StatReloader
INFO 2026-04-05 08:41:43,424 autoreload C:\Users\DELL\projet_tuteure\backend\driveparc\apps\users\views.py changed, reloading.
INFO 2026-04-05 08:41:44,159 autoreload Watching for file changes with StatReloader
INFO 2026-04-05 08:41:46,815 autoreload C:\Users\DELL\projet_tuteure\backend\driveparc\apps\users\views.py changed, reloading.
INFO 2026-04-05 08:41:47,490 autoreload Watching for file changes with StatReloader
INFO 2026-04-05 08:41:54,598 autoreload C:\Users\DELL\projet_tuteure\backend\driveparc\apps\users\views.py changed, reloading.
INFO 2026-04-05 08:41:55,189 autoreload Watching for file changes with StatReloader
WARNING 2026-04-05 08:43:41,841 log Not Found: /api/v1/vehicles/my-vehicle/
WARNING 2026-04-05 08:43:41,887 log Not Found: /api/v1/vehicles/my-vehicle/
WARNING 2026-04-05 08:43:49,920 log Not Found: /api/v1/maintenance/
WARNING 2026-04-05 08:43:49,950 log Not Found: /api/v1/maintenance/
ERROR 2026-04-05 08:43:51,943 log Internal Server Error: /api/v1/reservations/
ERROR 2026-04-05 08:43:51,962 log Internal Server Error: /api/v1/reservations/
WARNING 2026-04-05 08:44:10,520 log Not Found: /api/v1/vehicles/my-vehicle/
WARNING 2026-04-05 08:44:10,557 log Not Found: /api/v1/vehicles/my-vehicle/
INFO 2026-04-05 08:46:35,102 autoreload C:\Users\DELL\projet_tuteure\backend\driveparc\apps\users\serializers.py changed, reloading.
INFO 2026-04-05 08:46:35,867 autoreload Watching for file changes with StatReloader
WARNING 2026-04-05 08:46:47,216 log Not Found: /api/v1/maintenance/
WARNING 2026-04-05 08:46:47,261 log Not Found: /api/v1/maintenance/
ERROR 2026-04-05 08:46:50,564 log Internal Server Error: /api/v1/reservations/
ERROR 2026-04-05 08:46:50,589 log Internal Server Error: /api/v1/reservations/
WARNING 2026-04-05 08:47:19,861 log Not Found: /api/v1/vehicles/my-vehicle/
WARNING 2026-04-05 08:47:19,906 log Not Found: /api/v1/vehicles/my-vehicle/
WARNING 2026-04-05 08:47:28,527 log Not Found: /api/v1/maintenance/
WARNING 2026-04-05 08:47:28,557 log Not Found: /api/v1/maintenance/
ERROR 2026-04-05 08:47:30,606 log Internal Server Error: /api/v1/reservations/
ERROR 2026-04-05 08:47:30,624 log Internal Server Error: /api/v1/reservations/
INFO 2026-04-05 11:24:16,032 autoreload C:\Users\DELL\projet_tuteure\backend\driveparc\apps\vehicles\models.py changed, reloading.
INFO 2026-04-05 11:24:18,473 autoreload Watching for file changes with StatReloader
INFO 2026-04-05 11:25:02,214 autoreload C:\Users\DELL\projet_tuteure\backend\driveparc\apps\vehicles\models.py changed, reloading.
INFO 2026-04-05 11:25:04,060 autoreload Watching for file changes with StatReloader
INFO 2026-04-05 11:25:33,487 autoreload C:\Users\DELL\projet_tuteure\backend\driveparc\apps\vehicles\models.py changed, reloading.
INFO 2026-04-05 11:25:35,600 autoreload Watching for file changes with StatReloader
INFO 2026-04-05 11:26:11,997 autoreload C:\Users\DELL\projet_tuteure\backend\driveparc\apps\vehicles\serializers.py changed, reloading.
INFO 2026-04-05 11:26:13,868 autoreload Watching for file changes with StatReloader
INFO 2026-04-05 11:33:19,926 autoreload C:\Users\DELL\projet_tuteure\backend\driveparc\apps\vehicles\models.py changed, reloading.
INFO 2026-04-05 11:33:22,248 autoreload Watching for file changes with StatReloader
INFO 2026-04-05 11:39:01,719 autoreload C:\Users\DELL\projet_tuteure\backend\driveparc\apps\vehicles\models.py changed, reloading.
INFO 2026-04-05 11:39:04,009 autoreload Watching for file changes with StatReloader
INFO 2026-04-05 11:39:08,443 autoreload C:\Users\DELL\projet_tuteure\backend\driveparc\apps\vehicles\models.py changed, reloading.
INFO 2026-04-05 11:39:10,337 autoreload Watching for file changes with StatReloader
INFO 2026-04-05 11:39:59,843 autoreload C:\Users\DELL\projet_tuteure\backend\driveparc\apps\vehicles\serializers.py changed, reloading.
INFO 2026-04-05 11:40:01,761 autoreload Watching for file changes with StatReloader
INFO 2026-04-05 11:40:07,676 autoreload C:\Users\DELL\projet_tuteure\backend\driveparc\apps\vehicles\serializers.py changed, reloading.
INFO 2026-04-05 11:40:09,734 autoreload Watching for file changes with StatReloader
INFO 2026-04-05 11:40:34,908 autoreload C:\Users\DELL\projet_tuteure\backend\driveparc\apps\vehicles\serializers.py changed, reloading.
INFO 2026-04-05 11:40:36,626 autoreload Watching for file changes with StatReloader
WARNING 2026-04-05 11:42:19,719 log Unauthorized: /api/v1/reservations/
WARNING 2026-04-05 11:42:19,725 log Unauthorized: /api/v1/reservations/
WARNING 2026-04-05 11:42:35,717 log Not Found: /api/v1/maintenance/
ERROR 2026-04-05 11:42:35,720 log Internal Server Error: /api/v1/vehicles/
WARNING 2026-04-05 11:42:35,771 log Not Found: /api/v1/maintenance/
ERROR 2026-04-05 11:42:35,850 log Internal Server Error: /api/v1/vehicles/
ERROR 2026-04-05 11:51:01,190 log Internal Server Error: /api/v1/vehicles/
WARNING 2026-04-05 11:51:01,224 log Not Found: /api/v1/maintenance/
ERROR 2026-04-05 11:51:01,325 log Internal Server Error: /api/v1/vehicles/
WARNING 2026-04-05 11:51:01,347 log Not Found: /api/v1/maintenance/
ERROR 2026-04-05 11:52:41,006 log Internal Server Error: /api/v1/vehicles/
INFO 2026-04-05 11:54:11,505 autoreload C:\Users\DELL\projet_tuteure\backend\driveparc\apps\vehicles\serializers.py changed, reloading.
INFO 2026-04-05 11:54:13,455 autoreload Watching for file changes with StatReloader
WARNING 2026-04-05 11:54:37,520 log Not Found: /api/v1/maintenance/
WARNING 2026-04-05 11:54:37,618 log Not Found: /api/v1/maintenance/
INFO 2026-04-05 12:27:23,964 autoreload C:\Users\DELL\projet_tuteure\backend\driveparc\apps\users\models.py changed, reloading.
INFO 2026-04-05 12:27:26,225 autoreload Watching for file changes with StatReloader
INFO 2026-04-05 12:27:45,499 autoreload C:\Users\DELL\projet_tuteure\backend\driveparc\apps\users\models.py changed, reloading.
INFO 2026-04-05 12:27:47,661 autoreload Watching for file changes with StatReloader
INFO 2026-04-05 12:27:50,249 autoreload C:\Users\DELL\projet_tuteure\backend\driveparc\apps\users\models.py changed, reloading.
INFO 2026-04-05 12:27:52,525 autoreload Watching for file changes with StatReloader
INFO 2026-04-05 12:29:02,398 autoreload C:\Users\DELL\projet_tuteure\backend\driveparc\apps\users\serializers.py changed, reloading.
INFO 2026-04-05 12:29:04,092 autoreload Watching for file changes with StatReloader
INFO 2026-04-05 12:29:48,642 autoreload C:\Users\DELL\projet_tuteure\backend\driveparc\apps\users\views.py changed, reloading.
INFO 2026-04-05 12:29:50,748 autoreload Watching for file changes with StatReloader
INFO 2026-04-05 12:30:06,129 autoreload C:\Users\DELL\projet_tuteure\backend\driveparc\apps\users\views.py changed, reloading.
INFO 2026-04-05 12:30:08,336 autoreload Watching for file changes with StatReloader
INFO 2026-04-05 12:30:48,211 autoreload C:\Users\DELL\projet_tuteure\backend\driveparc\apps\vehicles\serializers.py changed, reloading.
INFO 2026-04-05 12:30:50,244 autoreload Watching for file changes with StatReloader
INFO 2026-04-05 12:30:53,668 autoreload C:\Users\DELL\projet_tuteure\backend\driveparc\apps\vehicles\serializers.py changed, reloading.
INFO 2026-04-05 12:30:55,949 autoreload Watching for file changes with StatReloader
INFO 2026-04-05 12:31:20,093 autoreload C:\Users\DELL\projet_tuteure\backend\driveparc\apps\vehicles\serializers.py changed, reloading.
INFO 2026-04-05 12:31:22,068 autoreload Watching for file changes with StatReloader
WARNING 2026-04-05 12:39:51,840 log Not Found: /api/v1/maintenance/
WARNING 2026-04-05 13:33:47,110 log Not Found: /api/v1/maintenance/
WARNING 2026-04-05 13:33:47,150 log Not Found: /api/v1/maintenance/
ERROR 2026-04-05 13:45:00,134 log Internal Server Error: /api/v1/auth/users/create-with-vehicle/
INFO 2026-04-05 13:54:47,202 autoreload C:\Users\DELL\projet_tuteure\backend\driveparc\apps\vehicles\serializers.py changed, reloading.
INFO 2026-04-05 13:54:48,073 autoreload Watching for file changes with StatReloader
WARNING 2026-04-05 14:01:33,806 log Not Found: /api/v1/maintenance/
WARNING 2026-04-05 19:27:52,805 log Not Found: /api/v1/maintenance/
WARNING 2026-04-05 19:27:52,898 log Not Found: /api/v1/maintenance/
WARNING 2026-04-05 19:31:35,684 log Not Found: /api/v1/maintenance/
WARNING 2026-04-05 19:31:41,578 log Not Found: /api/v1/maintenance/
INFO 2026-04-05 19:32:08,159 autoreload C:\Users\DELL\projet_tuteure\backend\driveparc\apps\users\models.py changed, reloading.
INFO 2026-04-05 19:32:10,092 autoreload Watching for file changes with StatReloader
INFO 2026-04-05 19:32:38,312 autoreload C:\Users\DELL\projet_tuteure\backend\driveparc\apps\users\models.py changed, reloading.
INFO 2026-04-05 19:32:40,254 autoreload Watching for file changes with StatReloader
INFO 2026-04-05 19:32:45,875 autoreload C:\Users\DELL\projet_tuteure\backend\driveparc\apps\users\models.py changed, reloading.
INFO 2026-04-05 19:32:48,051 autoreload Watching for file changes with StatReloader
INFO 2026-04-05 19:33:05,287 autoreload C:\Users\DELL\projet_tuteure\backend\driveparc\apps\users\serializers.py changed, reloading.
INFO 2026-04-05 19:33:07,428 autoreload Watching for file changes with StatReloader
INFO 2026-04-05 19:33:41,260 autoreload C:\Users\DELL\projet_tuteure\backend\driveparc\apps\users\serializers.py changed, reloading.
INFO 2026-04-05 19:33:43,210 autoreload Watching for file changes with StatReloader
INFO 2026-04-05 19:38:31,485 autoreload C:\Users\DELL\projet_tuteure\backend\driveparc\apps\users\views.py changed, reloading.
INFO 2026-04-05 19:38:33,387 autoreload Watching for file changes with StatReloader
INFO 2026-04-05 19:39:22,476 autoreload C:\Users\DELL\projet_tuteure\backend\driveparc\apps\users\urls.py changed, reloading.
INFO 2026-04-05 19:39:24,381 autoreload Watching for file changes with StatReloader
INFO 2026-04-05 19:39:42,416 autoreload C:\Users\DELL\projet_tuteure\backend\driveparc\apps\users\urls.py changed, reloading.
INFO 2026-04-05 19:39:44,606 autoreload Watching for file changes with StatReloader
INFO 2026-04-05 19:39:56,567 autoreload C:\Users\DELL\projet_tuteure\backend\driveparc\apps\users\urls.py changed, reloading.
INFO 2026-04-05 19:39:58,884 autoreload Watching for file changes with StatReloader
WARNING 2026-04-05 19:51:01,277 log Not Found: /api/v1/maintenance/
WARNING 2026-04-05 19:51:01,372 log Not Found: /api/v1/maintenance/
INFO 2026-04-05 20:05:13,079 autoreload C:\Users\DELL\projet_tuteure\backend\driveparc\apps\users\models.py changed, reloading.
INFO 2026-04-05 20:05:15,647 autoreload Watching for file changes with StatReloader
INFO 2026-04-05 20:05:44,853 autoreload C:\Users\DELL\projet_tuteure\backend\driveparc\apps\users\serializers.py changed, reloading.
INFO 2026-04-05 20:05:47,108 autoreload Watching for file changes with StatReloader
INFO 2026-04-05 20:07:50,582 autoreload C:\Users\DELL\projet_tuteure\backend\driveparc\apps\users\serializers.py changed, reloading.
INFO 2026-04-05 20:07:52,744 autoreload Watching for file changes with StatReloader
INFO 2026-04-05 20:08:13,625 autoreload C:\Users\DELL\projet_tuteure\backend\driveparc\apps\users\views.py changed, reloading.
INFO 2026-04-05 20:08:15,545 autoreload Watching for file changes with StatReloader
INFO 2026-04-05 20:08:35,471 autoreload C:\Users\DELL\projet_tuteure\backend\driveparc\apps\users\urls.py changed, reloading.
INFO 2026-04-05 20:08:37,511 autoreload Watching for file changes with StatReloader
INFO 2026-04-05 20:08:52,323 autoreload C:\Users\DELL\projet_tuteure\backend\driveparc\apps\users\urls.py changed, reloading.
INFO 2026-04-05 20:08:54,187 autoreload Watching for file changes with StatReloader
WARNING 2026-04-05 20:18:57,254 log Not Found: /api/v1/maintenance/
WARNING 2026-04-05 20:21:09,255 log Not Found: /api/v1/maintenance/
WARNING 2026-04-05 20:21:19,555 log Not Found: /api/v1/auth/registry/lookup/
INFO 2026-04-05 20:40:15,767 autoreload Watching for file changes with StatReloader
WARNING 2026-04-05 20:40:34,305 log Not Found: /api/v1/maintenance/
WARNING 2026-04-05 20:40:34,445 log Not Found: /api/v1/maintenance/
WARNING 2026-04-05 20:41:28,686 log Not Found: /api/v1/maintenance/
WARNING 2026-04-05 20:41:28,754 log Not Found: /api/v1/maintenance/
ERROR 2026-04-05 20:41:36,411 log Internal Server Error: /api/v1/reservations/
ERROR 2026-04-05 20:41:36,508 log Internal Server Error: /api/v1/reservations/
WARNING 2026-04-05 20:42:36,210 log Not Found: /api/v1/maintenance/
WARNING 2026-04-05 20:42:36,318 log Not Found: /api/v1/maintenance/
INFO 2026-04-05 20:45:20,009 autoreload Watching for file changes with StatReloader
WARNING 2026-04-05 20:46:20,311 log Not Found: /api/v1/maintenance/
WARNING 2026-04-05 20:46:20,409 log Not Found: /api/v1/maintenance/
WARNING 2026-04-05 20:48:08,914 log Not Found: /api/v1/maintenance/
WARNING 2026-04-05 20:48:09,030 log Not Found: /api/v1/maintenance/
WARNING 2026-04-05 20:52:14,514 log Not Found: /api/v1/maintenance/
WARNING 2026-04-05 20:52:14,662 log Not Found: /api/v1/maintenance/
WARNING 2026-04-05 20:53:09,695 log Not Found: /api/v1/maintenance/
WARNING 2026-04-05 20:53:09,801 log Not Found: /api/v1/maintenance/
WARNING 2026-04-05 20:54:05,718 log Not Found: /api/v1/maintenance/
WARNING 2026-04-05 20:54:05,793 log Not Found: /api/v1/maintenance/
WARNING 2026-04-05 20:54:56,147 log Not Found: /api/v1/maintenance/
WARNING 2026-04-05 20:54:56,229 log Not Found: /api/v1/maintenance/
INFO 2026-04-05 20:56:25,351 autoreload Watching for file changes with StatReloader
WARNING 2026-04-05 20:56:48,393 log Not Found: /api/v1/maintenance/
WARNING 2026-04-05 20:56:48,501 log Not Found: /api/v1/maintenance/
WARNING 2026-04-05 21:00:17,452 log Not Found: /api/v1/maintenance/
WARNING 2026-04-05 21:00:17,584 log Not Found: /api/v1/maintenance/
WARNING 2026-04-05 21:00:17,896 log Not Found: /api/v1/maintenance/
INFO 2026-04-05 21:04:02,250 autoreload C:\Users\DELL\projet_tuteure\backend\driveparc\apps\users\views.py changed, reloading.
INFO 2026-04-05 21:04:04,475 autoreload Watching for file changes with StatReloader
INFO 2026-04-05 21:04:07,942 autoreload C:\Users\DELL\projet_tuteure\backend\driveparc\apps\users\views.py changed, reloading.
INFO 2026-04-05 21:04:09,819 autoreload Watching for file changes with StatReloader
ERROR 2026-04-05 21:04:22,118 log Internal Server Error: /api/v1/reservations/
ERROR 2026-04-05 21:04:22,226 log Internal Server Error: /api/v1/reservations/
INFO 2026-04-05 21:14:02,849 autoreload C:\Users\DELL\projet_tuteure\backend\driveparc\apps\users\serializers.py changed, reloading.
INFO 2026-04-05 21:14:04,676 autoreload Watching for file changes with StatReloader
ERROR 2026-04-05 21:18:49,979 log Internal Server Error: /api/v1/auth/login/
ERROR 2026-04-05 21:19:07,758 log Internal Server Error: /api/v1/auth/login/
INFO 2026-04-05 21:19:52,294 autoreload C:\Users\DELL\projet_tuteure\backend\driveparc\apps\users\urls.py changed, reloading.
INFO 2026-04-05 21:19:54,036 autoreload Watching for file changes with StatReloader
INFO 2026-04-05 21:20:01,713 autoreload C:\Users\DELL\projet_tuteure\backend\driveparc\apps\users\views.py changed, reloading.
INFO 2026-04-05 21:20:03,441 autoreload Watching for file changes with StatReloader
INFO 2026-04-05 21:20:06,380 autoreload C:\Users\DELL\projet_tuteure\backend\driveparc\apps\users\serializers.py changed, reloading.
INFO 2026-04-05 21:20:08,041 autoreload Watching for file changes with StatReloader
INFO 2026-04-05 21:20:13,657 autoreload C:\Users\DELL\projet_tuteure\backend\driveparc\apps\users\serializers.py changed, reloading.
INFO 2026-04-05 21:20:14,967 autoreload Watching for file changes with StatReloader
INFO 2026-04-05 21:20:19,085 autoreload C:\Users\DELL\projet_tuteure\backend\driveparc\apps\users\serializers.py changed, reloading.
INFO 2026-04-05 21:20:20,779 autoreload Watching for file changes with StatReloader
INFO 2026-04-05 21:20:27,475 autoreload C:\Users\DELL\projet_tuteure\backend\driveparc\apps\users\models.py changed, reloading.
INFO 2026-04-05 21:20:29,379 autoreload Watching for file changes with StatReloader
INFO 2026-04-05 21:20:35,955 autoreload C:\Users\DELL\projet_tuteure\backend\driveparc\apps\users\models.py changed, reloading.
INFO 2026-04-05 21:20:37,317 autoreload Watching for file changes with StatReloader
INFO 2026-04-05 21:20:40,340 autoreload C:\Users\DELL\projet_tuteure\backend\driveparc\apps\users\models.py changed, reloading.
INFO 2026-04-05 21:20:42,490 autoreload Watching for file changes with StatReloader
INFO 2026-04-05 21:21:35,764 autoreload C:\Users\DELL\projet_tuteure\backend\driveparc\apps\vehicles\models.py changed, reloading.
INFO 2026-04-05 21:21:37,457 autoreload Watching for file changes with StatReloader
INFO 2026-04-05 21:23:09,373 autoreload C:\Users\DELL\projet_tuteure\backend\driveparc\apps\users\serializers.py changed, reloading.
INFO 2026-04-05 21:23:10,839 autoreload Watching for file changes with StatReloader
INFO 2026-04-05 21:23:14,037 autoreload C:\Users\DELL\projet_tuteure\backend\driveparc\apps\users\serializers.py changed, reloading.
INFO 2026-04-05 21:23:15,910 autoreload Watching for file changes with StatReloader
INFO 2026-04-05 21:23:32,600 autoreload C:\Users\DELL\projet_tuteure\backend\driveparc\apps\users\models.py changed, reloading.
INFO 2026-04-05 21:23:34,129 autoreload Watching for file changes with StatReloader
WARNING 2026-04-05 21:23:52,980 log Not Found: /api/v1/maintenance/
WARNING 2026-04-05 21:23:53,082 log Not Found: /api/v1/maintenance/
WARNING 2026-04-05 21:24:23,473 log Not Found: /api/v1/vehicles/my-vehicle/
WARNING 2026-04-05 21:24:23,566 log Not Found: /api/v1/vehicles/my-vehicle/
WARNING 2026-04-05 21:24:35,651 log Not Found: /api/v1/vehicles/my-vehicle/
WARNING 2026-04-05 21:24:49,155 log Not Found: /api/v1/vehicles/my-vehicle/
WARNING 2026-04-05 21:24:49,280 log Not Found: /api/v1/vehicles/my-vehicle/
WARNING 2026-04-05 21:25:00,040 log Not Found: /api/v1/maintenance/
WARNING 2026-04-05 21:25:00,162 log Not Found: /api/v1/maintenance/
ERROR 2026-04-05 21:25:03,816 log Internal Server Error: /api/v1/reservations/
ERROR 2026-04-05 21:25:03,871 log Internal Server Error: /api/v1/reservations/
ERROR 2026-04-05 21:26:57,963 log Internal Server Error: /api/v1/reservations/
ERROR 2026-04-05 21:26:58,042 log Internal Server Error: /api/v1/reservations/
WARNING 2026-04-05 21:36:14,452 log Not Found: /api/v1/maintenance/
WARNING 2026-04-05 21:36:14,517 log Not Found: /api/v1/maintenance/
WARNING 2026-04-06 01:47:10,935 log Unauthorized: /api/v1/reservations/
WARNING 2026-04-06 01:47:10,956 log Unauthorized: /api/v1/auth/profile/
WARNING 2026-04-06 01:47:11,064 log Unauthorized: /api/v1/vehicles/
WARNING 2026-04-06 01:47:11,489 log Unauthorized: /api/v1/reservations/
WARNING 2026-04-06 01:47:11,530 log Not Found: /api/v1/maintenance/
WARNING 2026-04-06 01:47:11,544 log Unauthorized: /api/v1/vehicles/stats/
WARNING 2026-04-06 01:47:11,633 log Unauthorized: /api/v1/vehicles/
WARNING 2026-04-06 01:47:11,642 log Unauthorized: /api/v1/vehicles/
WARNING 2026-04-06 01:47:11,665 log Unauthorized: /api/v1/auth/users/
WARNING 2026-04-06 01:47:11,688 log Unauthorized: /api/v1/auth/profile/
WARNING 2026-04-06 01:47:11,707 log Unauthorized: /api/v1/auth/departments/
WARNING 2026-04-06 01:47:11,722 log Unauthorized: /api/v1/vehicles/
WARNING 2026-04-06 01:47:11,744 log Unauthorized: /api/v1/reservations/
WARNING 2026-04-06 01:47:11,790 log Not Found: /api/v1/maintenance/
WARNING 2026-04-06 01:47:11,805 log Unauthorized: /api/v1/vehicles/stats/
WARNING 2026-04-06 01:47:12,571 log Unauthorized: /api/v1/reservations/
WARNING 2026-04-06 01:47:12,580 log Unauthorized: /api/v1/reservations/
WARNING 2026-04-06 01:47:12,597 log Unauthorized: /api/v1/auth/users/
WARNING 2026-04-06 01:47:12,600 log Unauthorized: /api/v1/vehicles/
WARNING 2026-04-06 01:47:12,605 log Unauthorized: /api/v1/vehicles/
WARNING 2026-04-06 01:47:12,608 log Unauthorized: /api/v1/auth/departments/
WARNING 2026-04-06 01:47:12,637 log Unauthorized: /api/v1/auth/users/
WARNING 2026-04-06 01:47:12,669 log Unauthorized: /api/v1/vehicles/
WARNING 2026-04-06 01:47:12,689 log Unauthorized: /api/v1/vehicles/
WARNING 2026-04-06 01:47:12,735 log Unauthorized: /api/v1/auth/departments/
WARNING 2026-04-06 01:47:14,098 log Unauthorized: /api/v1/reservations/
WARNING 2026-04-06 01:47:14,102 log Unauthorized: /api/v1/auth/users/
WARNING 2026-04-06 01:47:14,105 log Unauthorized: /api/v1/auth/profile/
WARNING 2026-04-06 01:47:14,109 log Unauthorized: /api/v1/vehicles/
WARNING 2026-04-06 01:47:14,112 log Unauthorized: /api/v1/auth/departments/
WARNING 2026-04-06 01:47:14,115 log Unauthorized: /api/v1/auth/profile/
WARNING 2026-04-06 01:47:14,116 log Unauthorized: /api/v1/reservations/
WARNING 2026-04-06 01:47:14,119 log Unauthorized: /api/v1/vehicles/
WARNING 2026-04-06 01:47:14,122 log Unauthorized: /api/v1/vehicles/stats/
WARNING 2026-04-06 01:47:14,125 log Unauthorized: /api/v1/vehicles/
WARNING 2026-04-06 01:47:14,129 log Unauthorized: /api/v1/vehicles/
WARNING 2026-04-06 01:47:14,148 log Not Found: /api/v1/maintenance/
WARNING 2026-04-06 01:47:14,153 log Unauthorized: /api/v1/reservations/
WARNING 2026-04-06 01:47:14,184 log Not Found: /api/v1/maintenance/
WARNING 2026-04-06 01:47:14,188 log Unauthorized: /api/v1/vehicles/stats/
WARNING 2026-04-06 01:47:14,256 log Unauthorized: /api/v1/reservations/
WARNING 2026-04-06 01:47:14,264 log Unauthorized: /api/v1/reservations/
WARNING 2026-04-06 01:47:14,281 log Unauthorized: /api/v1/auth/users/
WARNING 2026-04-06 01:47:14,284 log Unauthorized: /api/v1/vehicles/
WARNING 2026-04-06 01:47:14,287 log Unauthorized: /api/v1/auth/departments/
WARNING 2026-04-06 01:47:14,290 log Unauthorized: /api/v1/vehicles/
WARNING 2026-04-06 01:47:14,300 log Unauthorized: /api/v1/auth/users/
WARNING 2026-04-06 01:47:14,306 log Unauthorized: /api/v1/vehicles/
WARNING 2026-04-06 01:47:14,313 log Unauthorized: /api/v1/auth/departments/
WARNING 2026-04-06 01:47:14,330 log Unauthorized: /api/v1/vehicles/
WARNING 2026-04-06 01:47:16,633 log Unauthorized: /api/v1/auth/users/
WARNING 2026-04-06 01:47:16,637 log Unauthorized: /api/v1/vehicles/
WARNING 2026-04-06 01:47:16,640 log Unauthorized: /api/v1/vehicles/
WARNING 2026-04-06 01:47:16,662 log Unauthorized: /api/v1/auth/departments/
WARNING 2026-04-06 01:47:16,666 log Unauthorized: /api/v1/auth/profile/
WARNING 2026-04-06 01:47:16,669 log Unauthorized: /api/v1/vehicles/
WARNING 2026-04-06 01:47:16,673 log Unauthorized: /api/v1/reservations/
WARNING 2026-04-06 01:47:16,694 log Unauthorized: /api/v1/auth/profile/
WARNING 2026-04-06 01:47:16,698 log Unauthorized: /api/v1/vehicles/
WARNING 2026-04-06 01:47:16,702 log Unauthorized: /api/v1/reservations/
WARNING 2026-04-06 01:47:16,707 log Unauthorized: /api/v1/vehicles/stats/
WARNING 2026-04-06 01:47:16,731 log Unauthorized: /api/v1/vehicles/stats/
WARNING 2026-04-06 01:47:16,735 log Unauthorized: /api/v1/reservations/
WARNING 2026-04-06 01:47:16,738 log Not Found: /api/v1/maintenance/
WARNING 2026-04-06 01:47:16,755 log Not Found: /api/v1/maintenance/
WARNING 2026-04-06 01:47:16,936 log Unauthorized: /api/v1/auth/users/
WARNING 2026-04-06 01:47:16,953 log Unauthorized: /api/v1/vehicles/
WARNING 2026-04-06 01:47:16,956 log Unauthorized: /api/v1/vehicles/
WARNING 2026-04-06 01:47:16,959 log Unauthorized: /api/v1/auth/departments/
WARNING 2026-04-06 01:47:16,963 log Unauthorized: /api/v1/auth/users/
WARNING 2026-04-06 01:47:16,975 log Unauthorized: /api/v1/vehicles/
WARNING 2026-04-06 01:47:16,978 log Unauthorized: /api/v1/vehicles/
WARNING 2026-04-06 01:47:16,982 log Unauthorized: /api/v1/auth/departments/
WARNING 2026-04-06 01:47:16,999 log Unauthorized: /api/v1/reservations/
WARNING 2026-04-06 01:47:17,006 log Unauthorized: /api/v1/reservations/
WARNING 2026-04-06 01:47:19,319 log Unauthorized: /api/v1/reservations/
WARNING 2026-04-06 01:47:19,322 log Unauthorized: /api/v1/auth/profile/
WARNING 2026-04-06 01:47:19,325 log Unauthorized: /api/v1/reservations/
WARNING 2026-04-06 01:47:19,327 log Unauthorized: /api/v1/vehicles/
WARNING 2026-04-06 01:47:19,331 log Unauthorized: /api/v1/vehicles/stats/
WARNING 2026-04-06 01:47:19,334 log Unauthorized: /api/v1/auth/users/
WARNING 2026-04-06 01:47:19,337 log Unauthorized: /api/v1/vehicles/
WARNING 2026-04-06 01:47:19,339 log Unauthorized: /api/v1/vehicles/
WARNING 2026-04-06 01:47:19,342 log Unauthorized: /api/v1/auth/profile/
WARNING 2026-04-06 01:47:19,344 log Unauthorized: /api/v1/vehicles/
WARNING 2026-04-06 01:47:19,346 log Unauthorized: /api/v1/auth/departments/
WARNING 2026-04-06 01:47:19,359 log Not Found: /api/v1/maintenance/
WARNING 2026-04-06 01:47:19,373 log Unauthorized: /api/v1/reservations/
WARNING 2026-04-06 01:47:19,381 log Unauthorized: /api/v1/vehicles/stats/
WARNING 2026-04-06 01:47:19,396 log Not Found: /api/v1/maintenance/
WARNING 2026-04-06 01:47:19,449 log Unauthorized: /api/v1/reservations/
WARNING 2026-04-06 01:47:19,452 log Unauthorized: /api/v1/auth/users/
WARNING 2026-04-06 01:47:19,456 log Unauthorized: /api/v1/vehicles/
WARNING 2026-04-06 01:47:19,459 log Unauthorized: /api/v1/vehicles/
WARNING 2026-04-06 01:47:19,462 log Unauthorized: /api/v1/auth/departments/
WARNING 2026-04-06 01:47:19,470 log Unauthorized: /api/v1/reservations/
WARNING 2026-04-06 01:47:19,474 log Unauthorized: /api/v1/vehicles/
WARNING 2026-04-06 01:47:19,478 log Unauthorized: /api/v1/auth/users/
WARNING 2026-04-06 01:47:19,485 log Unauthorized: /api/v1/vehicles/
WARNING 2026-04-06 01:47:19,495 log Unauthorized: /api/v1/auth/departments/
WARNING 2026-04-06 01:49:27,314 log Unauthorized: /api/v1/reservations/
WARNING 2026-04-06 01:49:27,317 log Unauthorized: /api/v1/auth/profile/
WARNING 2026-04-06 01:49:27,319 log Unauthorized: /api/v1/reservations/
WARNING 2026-04-06 01:49:27,322 log Unauthorized: /api/v1/vehicles/
WARNING 2026-04-06 01:49:27,324 log Unauthorized: /api/v1/auth/users/
WARNING 2026-04-06 01:49:27,325 log Unauthorized: /api/v1/vehicles/
WARNING 2026-04-06 01:49:27,327 log Unauthorized: /api/v1/vehicles/
WARNING 2026-04-06 01:49:27,329 log Unauthorized: /api/v1/auth/departments/
WARNING 2026-04-06 01:49:27,330 log Unauthorized: /api/v1/auth/profile/
WARNING 2026-04-06 01:49:27,333 log Unauthorized: /api/v1/vehicles/
WARNING 2026-04-06 01:49:27,336 log Unauthorized: /api/v1/vehicles/stats/
WARNING 2026-04-06 01:49:27,344 log Not Found: /api/v1/maintenance/
WARNING 2026-04-06 01:49:27,356 log Unauthorized: /api/v1/reservations/
WARNING 2026-04-06 01:49:27,370 log Not Found: /api/v1/maintenance/
WARNING 2026-04-06 01:49:27,374 log Unauthorized: /api/v1/vehicles/stats/
WARNING 2026-04-06 01:49:27,411 log Unauthorized: /api/v1/reservations/
WARNING 2026-04-06 01:49:27,419 log Unauthorized: /api/v1/reservations/
WARNING 2026-04-06 01:49:27,424 log Unauthorized: /api/v1/vehicles/
WARNING 2026-04-06 01:49:27,427 log Unauthorized: /api/v1/auth/users/
WARNING 2026-04-06 01:49:27,429 log Unauthorized: /api/v1/auth/departments/
WARNING 2026-04-06 01:49:27,432 log Unauthorized: /api/v1/vehicles/
WARNING 2026-04-06 01:49:27,443 log Unauthorized: /api/v1/auth/users/
WARNING 2026-04-06 01:49:27,449 log Unauthorized: /api/v1/vehicles/
WARNING 2026-04-06 01:49:27,452 log Unauthorized: /api/v1/vehicles/
WARNING 2026-04-06 01:49:27,458 log Unauthorized: /api/v1/auth/departments/
WARNING 2026-04-06 01:49:55,437 log Unauthorized: /api/v1/auth/profile/
WARNING 2026-04-06 01:49:55,464 log Unauthorized: /api/v1/vehicles/
WARNING 2026-04-06 01:49:55,466 log Unauthorized: /api/v1/reservations/
WARNING 2026-04-06 01:49:55,470 log Unauthorized: /api/v1/vehicles/stats/
WARNING 2026-04-06 01:49:55,481 log Not Found: /api/v1/maintenance/
WARNING 2026-04-06 01:49:55,539 log Unauthorized: /api/v1/auth/profile/
WARNING 2026-04-06 01:49:55,541 log Unauthorized: /api/v1/vehicles/
WARNING 2026-04-06 01:49:55,543 log Unauthorized: /api/v1/vehicles/stats/
WARNING 2026-04-06 01:49:55,547 log Unauthorized: /api/v1/reservations/
WARNING 2026-04-06 01:49:55,558 log Not Found: /api/v1/maintenance/
WARNING 2026-04-06 01:49:55,580 log Unauthorized: /api/v1/reservations/
WARNING 2026-04-06 01:49:55,584 log Unauthorized: /api/v1/reservations/
WARNING 2026-04-06 01:49:55,598 log Unauthorized: /api/v1/auth/users/
WARNING 2026-04-06 01:49:55,601 log Unauthorized: /api/v1/vehicles/
WARNING 2026-04-06 01:49:55,602 log Unauthorized: /api/v1/auth/departments/
WARNING 2026-04-06 01:49:55,604 log Unauthorized: /api/v1/vehicles/
WARNING 2026-04-06 01:49:55,610 log Unauthorized: /api/v1/auth/users/
WARNING 2026-04-06 01:49:55,613 log Unauthorized: /api/v1/auth/departments/
WARNING 2026-04-06 01:49:55,615 log Unauthorized: /api/v1/vehicles/
WARNING 2026-04-06 01:49:55,617 log Unauthorized: /api/v1/vehicles/
WARNING 2026-04-06 01:49:57,307 log Unauthorized: /api/v1/auth/profile/
WARNING 2026-04-06 01:49:57,309 log Unauthorized: /api/v1/reservations/
WARNING 2026-04-06 01:49:57,311 log Unauthorized: /api/v1/vehicles/
WARNING 2026-04-06 01:49:57,315 log Unauthorized: /api/v1/auth/profile/
WARNING 2026-04-06 01:49:57,316 log Unauthorized: /api/v1/vehicles/
WARNING 2026-04-06 01:49:57,319 log Unauthorized: /api/v1/reservations/
WARNING 2026-04-06 01:49:57,323 log Unauthorized: /api/v1/vehicles/stats/
WARNING 2026-04-06 01:49:57,326 log Unauthorized: /api/v1/vehicles/stats/
WARNING 2026-04-06 01:49:57,341 log Not Found: /api/v1/maintenance/
WARNING 2026-04-06 01:49:57,351 log Not Found: /api/v1/maintenance/
WARNING 2026-04-06 01:49:57,415 log Unauthorized: /api/v1/reservations/
WARNING 2026-04-06 01:49:57,419 log Unauthorized: /api/v1/auth/users/
WARNING 2026-04-06 01:49:57,422 log Unauthorized: /api/v1/vehicles/
WARNING 2026-04-06 01:49:57,424 log Unauthorized: /api/v1/vehicles/
WARNING 2026-04-06 01:49:57,427 log Unauthorized: /api/v1/auth/departments/
WARNING 2026-04-06 01:49:57,439 log Unauthorized: /api/v1/reservations/
WARNING 2026-04-06 01:49:57,449 log Unauthorized: /api/v1/auth/users/
WARNING 2026-04-06 01:49:57,458 log Unauthorized: /api/v1/vehicles/
WARNING 2026-04-06 01:49:57,477 log Unauthorized: /api/v1/vehicles/
WARNING 2026-04-06 01:49:57,492 log Unauthorized: /api/v1/auth/departments/
WARNING 2026-04-06 01:50:15,307 log Unauthorized: /api/v1/auth/profile/
WARNING 2026-04-06 01:50:15,313 log Unauthorized: /api/v1/vehicles/
WARNING 2026-04-06 01:50:15,315 log Unauthorized: /api/v1/reservations/
WARNING 2026-04-06 01:50:15,321 log Unauthorized: /api/v1/vehicles/stats/
WARNING 2026-04-06 01:50:15,332 log Not Found: /api/v1/maintenance/
WARNING 2026-04-06 01:50:15,335 log Unauthorized: /api/v1/auth/profile/
WARNING 2026-04-06 01:50:15,337 log Unauthorized: /api/v1/vehicles/
WARNING 2026-04-06 01:50:15,340 log Unauthorized: /api/v1/reservations/
WARNING 2026-04-06 01:50:15,343 log Unauthorized: /api/v1/vehicles/stats/
WARNING 2026-04-06 01:50:15,352 log Not Found: /api/v1/maintenance/
WARNING 2026-04-06 01:50:15,456 log Unauthorized: /api/v1/reservations/
WARNING 2026-04-06 01:50:15,484 log Unauthorized: /api/v1/reservations/
WARNING 2026-04-06 01:50:15,545 log Unauthorized: /api/v1/auth/users/
WARNING 2026-04-06 01:50:15,549 log Unauthorized: /api/v1/vehicles/
WARNING 2026-04-06 01:50:15,552 log Unauthorized: /api/v1/vehicles/
WARNING 2026-04-06 01:50:15,628 log Unauthorized: /api/v1/auth/departments/
WARNING 2026-04-06 01:50:15,632 log Unauthorized: /api/v1/auth/users/
WARNING 2026-04-06 01:50:15,646 log Unauthorized: /api/v1/vehicles/
WARNING 2026-04-06 01:50:15,649 log Unauthorized: /api/v1/vehicles/
WARNING 2026-04-06 01:50:15,660 log Unauthorized: /api/v1/auth/departments/
WARNING 2026-04-06 01:51:59,318 log Unauthorized: /api/v1/auth/profile/
WARNING 2026-04-06 01:51:59,321 log Unauthorized: /api/v1/vehicles/
WARNING 2026-04-06 01:51:59,324 log Unauthorized: /api/v1/reservations/
WARNING 2026-04-06 01:51:59,329 log Unauthorized: /api/v1/auth/profile/
WARNING 2026-04-06 01:51:59,333 log Unauthorized: /api/v1/vehicles/stats/
WARNING 2026-04-06 01:51:59,336 log Unauthorized: /api/v1/vehicles/stats/
WARNING 2026-04-06 01:51:59,339 log Unauthorized: /api/v1/reservations/
WARNING 2026-04-06 01:51:59,342 log Unauthorized: /api/v1/vehicles/
WARNING 2026-04-06 01:51:59,358 log Not Found: /api/v1/maintenance/
WARNING 2026-04-06 01:51:59,370 log Not Found: /api/v1/maintenance/
WARNING 2026-04-06 01:51:59,435 log Unauthorized: /api/v1/reservations/
WARNING 2026-04-06 01:51:59,440 log Unauthorized: /api/v1/reservations/
WARNING 2026-04-06 01:51:59,451 log Unauthorized: /api/v1/auth/users/
WARNING 2026-04-06 01:51:59,454 log Unauthorized: /api/v1/vehicles/
WARNING 2026-04-06 01:51:59,457 log Unauthorized: /api/v1/auth/departments/
WARNING 2026-04-06 01:51:59,460 log Unauthorized: /api/v1/vehicles/
WARNING 2026-04-06 01:51:59,467 log Unauthorized: /api/v1/auth/users/
WARNING 2026-04-06 01:51:59,477 log Unauthorized: /api/v1/vehicles/
WARNING 2026-04-06 01:51:59,481 log Unauthorized: /api/v1/vehicles/
WARNING 2026-04-06 01:51:59,484 log Unauthorized: /api/v1/auth/departments/
WARNING 2026-04-06 01:52:30,303 log Unauthorized: /api/v1/auth/profile/
WARNING 2026-04-06 01:52:30,305 log Unauthorized: /api/v1/auth/profile/
WARNING 2026-04-06 01:52:30,307 log Unauthorized: /api/v1/vehicles/
WARNING 2026-04-06 01:52:30,308 log Unauthorized: /api/v1/reservations/
WARNING 2026-04-06 01:52:30,310 log Unauthorized: /api/v1/reservations/
WARNING 2026-04-06 01:52:30,312 log Unauthorized: /api/v1/vehicles/stats/
WARNING 2026-04-06 01:52:30,314 log Unauthorized: /api/v1/vehicles/
WARNING 2026-04-06 01:52:30,316 log Unauthorized: /api/v1/vehicles/stats/
WARNING 2026-04-06 01:52:30,325 log Not Found: /api/v1/maintenance/
WARNING 2026-04-06 01:52:30,334 log Not Found: /api/v1/maintenance/
WARNING 2026-04-06 01:52:30,371 log Unauthorized: /api/v1/reservations/
WARNING 2026-04-06 01:52:30,376 log Unauthorized: /api/v1/reservations/
WARNING 2026-04-06 01:52:30,379 log Unauthorized: /api/v1/auth/users/
WARNING 2026-04-06 01:52:30,381 log Unauthorized: /api/v1/vehicles/
WARNING 2026-04-06 01:52:30,383 log Unauthorized: /api/v1/vehicles/
WARNING 2026-04-06 01:52:30,385 log Unauthorized: /api/v1/auth/departments/
WARNING 2026-04-06 01:52:30,392 log Unauthorized: /api/v1/auth/users/
WARNING 2026-04-06 01:52:30,395 log Unauthorized: /api/v1/vehicles/
WARNING 2026-04-06 01:52:30,398 log Unauthorized: /api/v1/vehicles/
WARNING 2026-04-06 01:52:30,402 log Unauthorized: /api/v1/auth/departments/
WARNING 2026-04-06 01:52:44,351 log Unauthorized: /api/v1/auth/profile/
WARNING 2026-04-06 01:52:44,355 log Unauthorized: /api/v1/auth/profile/
WARNING 2026-04-06 01:52:44,357 log Unauthorized: /api/v1/vehicles/
WARNING 2026-04-06 01:52:44,359 log Unauthorized: /api/v1/reservations/
WARNING 2026-04-06 01:52:44,361 log Unauthorized: /api/v1/vehicles/
WARNING 2026-04-06 01:52:44,364 log Unauthorized: /api/v1/reservations/
WARNING 2026-04-06 01:52:44,366 log Unauthorized: /api/v1/vehicles/stats/
WARNING 2026-04-06 01:52:44,369 log Unauthorized: /api/v1/vehicles/stats/
WARNING 2026-04-06 01:52:44,380 log Not Found: /api/v1/maintenance/
WARNING 2026-04-06 01:52:44,390 log Not Found: /api/v1/maintenance/
WARNING 2026-04-06 01:52:44,451 log Unauthorized: /api/v1/auth/users/
WARNING 2026-04-06 01:52:44,454 log Unauthorized: /api/v1/reservations/
WARNING 2026-04-06 01:52:44,455 log Unauthorized: /api/v1/vehicles/
WARNING 2026-04-06 01:52:44,457 log Unauthorized: /api/v1/vehicles/
WARNING 2026-04-06 01:52:44,459 log Unauthorized: /api/v1/auth/departments/
WARNING 2026-04-06 01:52:44,467 log Unauthorized: /api/v1/auth/users/
WARNING 2026-04-06 01:52:44,472 log Unauthorized: /api/v1/reservations/
WARNING 2026-04-06 01:52:44,476 log Unauthorized: /api/v1/vehicles/
WARNING 2026-04-06 01:52:44,480 log Unauthorized: /api/v1/vehicles/
WARNING 2026-04-06 01:52:44,484 log Unauthorized: /api/v1/auth/departments/
WARNING 2026-04-06 01:52:58,305 log Unauthorized: /api/v1/auth/profile/
WARNING 2026-04-06 01:52:58,307 log Unauthorized: /api/v1/vehicles/
WARNING 2026-04-06 01:52:58,311 log Unauthorized: /api/v1/reservations/
WARNING 2026-04-06 01:52:58,314 log Unauthorized: /api/v1/vehicles/stats/
WARNING 2026-04-06 01:52:58,317 log Unauthorized: /api/v1/auth/profile/
WARNING 2026-04-06 01:52:58,322 log Unauthorized: /api/v1/vehicles/
WARNING 2026-04-06 01:52:58,332 log Not Found: /api/v1/maintenance/
WARNING 2026-04-06 01:52:58,334 log Unauthorized: /api/v1/vehicles/stats/
WARNING 2026-04-06 01:52:58,337 log Unauthorized: /api/v1/reservations/
WARNING 2026-04-06 01:52:58,353 log Not Found: /api/v1/maintenance/
WARNING 2026-04-06 01:52:58,404 log Unauthorized: /api/v1/reservations/
WARNING 2026-04-06 01:52:58,410 log Unauthorized: /api/v1/reservations/
WARNING 2026-04-06 01:52:58,421 log Unauthorized: /api/v1/auth/users/
WARNING 2026-04-06 01:52:58,424 log Unauthorized: /api/v1/vehicles/
WARNING 2026-04-06 01:52:58,427 log Unauthorized: /api/v1/auth/departments/
WARNING 2026-04-06 01:52:58,429 log Unauthorized: /api/v1/vehicles/
WARNING 2026-04-06 01:52:58,435 log Unauthorized: /api/v1/auth/users/
WARNING 2026-04-06 01:52:58,438 log Unauthorized: /api/v1/vehicles/
WARNING 2026-04-06 01:52:58,441 log Unauthorized: /api/v1/auth/departments/
WARNING 2026-04-06 01:52:58,448 log Unauthorized: /api/v1/vehicles/
WARNING 2026-04-06 01:53:14,311 log Unauthorized: /api/v1/auth/departments/
WARNING 2026-04-06 01:53:14,324 log Unauthorized: /api/v1/auth/departments/
WARNING 2026-04-06 01:53:18,043 log Unauthorized: /api/v1/auth/departments/
WARNING 2026-04-06 01:53:18,053 log Unauthorized: /api/v1/auth/registry/
WARNING 2026-04-06 01:53:18,057 log Unauthorized: /api/v1/auth/departments/
WARNING 2026-04-06 01:53:18,072 log Unauthorized: /api/v1/auth/registry/
WARNING 2026-04-06 01:53:20,677 log Unauthorized: /api/v1/auth/users/
WARNING 2026-04-06 01:53:20,680 log Unauthorized: /api/v1/vehicles/
WARNING 2026-04-06 01:53:20,684 log Unauthorized: /api/v1/auth/departments/
WARNING 2026-04-06 01:53:20,690 log Unauthorized: /api/v1/vehicles/
WARNING 2026-04-06 01:53:20,700 log Unauthorized: /api/v1/auth/users/
WARNING 2026-04-06 01:53:20,704 log Unauthorized: /api/v1/vehicles/
WARNING 2026-04-06 01:53:20,710 log Unauthorized: /api/v1/auth/departments/
WARNING 2026-04-06 01:53:20,713 log Unauthorized: /api/v1/vehicles/
WARNING 2026-04-06 01:53:38,571 log Not Found: /api/v1/maintenance/
WARNING 2026-04-06 01:53:38,658 log Not Found: /api/v1/maintenance/
WARNING 2026-04-06 01:56:08,408 log Not Found: /api/v1/maintenance/
WARNING 2026-04-06 01:56:08,488 log Not Found: /api/v1/maintenance/
WARNING 2026-04-06 01:56:42,377 log Not Found: /api/v1/auth/registry/lookup/
WARNING 2026-04-06 01:56:47,830 log Not Found: /api/v1/auth/registry/lookup/
WARNING 2026-04-06 01:56:49,063 log Not Found: /api/v1/auth/registry/lookup/
WARNING 2026-04-06 01:56:52,306 log Not Found: /api/v1/auth/registry/lookup/
WARNING 2026-04-06 01:56:54,535 log Not Found: /api/v1/auth/registry/lookup/
WARNING 2026-04-06 01:56:55,050 log Not Found: /api/v1/auth/registry/lookup/
ERROR 2026-04-06 02:17:58,261 log Internal Server Error: /api/v1/reservations/
ERROR 2026-04-06 02:17:58,309 log Internal Server Error: /api/v1/reservations/
WARNING 2026-04-06 02:34:40,453 log Not Found: /api/v1/auth/registry/lookup/
WARNING 2026-04-06 02:34:44,658 log Not Found: /api/v1/auth/registry/lookup/
WARNING 2026-04-06 02:34:45,903 log Not Found: /api/v1/auth/registry/lookup/
WARNING 2026-04-06 02:34:48,293 log Not Found: /api/v1/auth/registry/lookup/
WARNING 2026-04-06 02:34:49,726 log Not Found: /api/v1/auth/registry/lookup/
WARNING 2026-04-06 02:34:50,954 log Not Found: /api/v1/auth/registry/lookup/
WARNING 2026-04-06 04:08:08,902 log Not Found: /api/v1/maintenance/
WARNING 2026-04-06 04:08:08,966 log Not Found: /api/v1/maintenance/
INFO 2026-04-06 05:24:51,872 autoreload C:\Users\DELL\projet_tuteure\backend\driveparc\apps\users\serializers.py changed, reloading.
INFO 2026-04-06 05:24:53,925 autoreload Watching for file changes with StatReloader
WARNING 2026-04-06 05:25:53,618 log Not Found: /api/v1/maintenance/
WARNING 2026-04-06 05:25:53,724 log Not Found: /api/v1/maintenance/
WARNING 2026-04-06 06:07:26,447 log Not Found: /api/v1/maintenance/
WARNING 2026-04-06 06:07:26,745 log Not Found: /api/v1/maintenance/
WARNING 2026-04-06 06:07:38,528 log Not Found: /api/v1/maintenance/
WARNING 2026-04-06 06:07:38,608 log Not Found: /api/v1/maintenance/
ERROR 2026-04-06 06:10:05,509 log Internal Server Error: /api/v1/auth/users/create-with-vehicle/
ERROR 2026-04-06 06:12:00,659 log Internal Server Error: /api/v1/auth/users/create-with-vehicle/
INFO 2026-04-06 06:13:11,511 autoreload C:\Users\DELL\projet_tuteure\backend\driveparc\apps\users\serializers.py changed, reloading.
INFO 2026-04-06 06:13:13,594 autoreload Watching for file changes with StatReloader
ERROR 2026-04-06 06:13:17,387 log Internal Server Error: /api/v1/auth/users/create-with-vehicle/
WARNING 2026-04-06 06:13:47,849 log Not Found: /api/v1/maintenance/
WARNING 2026-04-06 06:13:47,976 log Not Found: /api/v1/maintenance/
ERROR 2026-04-06 06:14:33,315 log Internal Server Error: /api/v1/auth/users/create-with-vehicle/
INFO 2026-04-06 06:16:41,207 autoreload C:\Users\DELL\projet_tuteure\backend\driveparc\apps\users\views.py changed, reloading.
INFO 2026-04-06 06:16:42,999 autoreload Watching for file changes with StatReloader
WARNING 2026-04-06 11:54:47,740 log Not Found: /api/v1/vehicles/my-vehicle/
WARNING 2026-04-06 11:54:47,764 log Not Found: /api/v1/vehicles/my-vehicle/
WARNING 2026-04-07 02:45:32,001 log Not Found: /api/v1/maintenance/
WARNING 2026-04-07 02:45:32,164 log Not Found: /api/v1/maintenance/
ERROR 2026-04-07 02:46:20,194 log Internal Server Error: /api/v1/reservations/
ERROR 2026-04-07 02:46:20,250 log Internal Server Error: /api/v1/reservations/
INFO 2026-04-07 03:00:47,416 autoreload C:\Users\DELL\projet_tuteure\backend\driveparc\apps\users\serializers.py changed, reloading.
INFO 2026-04-07 03:00:49,939 autoreload Watching for file changes with StatReloader
INFO 2026-04-07 03:00:53,600 autoreload C:\Users\DELL\projet_tuteure\backend\driveparc\apps\users\serializers.py changed, reloading.
INFO 2026-04-07 03:00:55,606 autoreload Watching for file changes with StatReloader
INFO 2026-04-07 03:04:03,034 autoreload C:\Users\DELL\projet_tuteure\backend\driveparc\apps\users\serializers.py changed, reloading.
INFO 2026-04-07 03:04:05,055 autoreload Watching for file changes with StatReloader
INFO 2026-04-07 03:04:21,466 autoreload C:\Users\DELL\projet_tuteure\backend\driveparc\apps\users\serializers.py changed, reloading.
INFO 2026-04-07 03:04:23,393 autoreload Watching for file changes with StatReloader
INFO 2026-04-07 03:04:27,016 autoreload C:\Users\DELL\projet_tuteure\backend\driveparc\apps\users\serializers.py changed, reloading.
INFO 2026-04-07 03:04:28,864 autoreload Watching for file changes with StatReloader
INFO 2026-04-07 03:28:36,894 autoreload C:\Users\DELL\projet_tuteure\backend\driveparc\apps\vehicles\views.py changed, reloading.
INFO 2026-04-07 03:28:38,860 autoreload Watching for file changes with StatReloader
INFO 2026-04-07 03:29:19,061 autoreload C:\Users\DELL\projet_tuteure\backend\driveparc\apps\vehicles\views.py changed, reloading.
INFO 2026-04-07 03:29:20,776 autoreload Watching for file changes with StatReloader
INFO 2026-04-07 03:29:34,081 autoreload C:\Users\DELL\projet_tuteure\backend\driveparc\apps\vehicles\views.py changed, reloading.
INFO 2026-04-07 03:29:36,055 autoreload Watching for file changes with StatReloader
INFO 2026-04-07 03:29:43,905 autoreload C:\Users\DELL\projet_tuteure\backend\driveparc\apps\vehicles\views.py changed, reloading.
INFO 2026-04-07 03:29:45,850 autoreload Watching for file changes with StatReloader
INFO 2026-04-07 03:29:51,767 autoreload C:\Users\DELL\projet_tuteure\backend\driveparc\apps\vehicles\views.py changed, reloading.
INFO 2026-04-07 03:29:53,854 autoreload Watching for file changes with StatReloader
INFO 2026-04-07 03:29:56,989 autoreload C:\Users\DELL\projet_tuteure\backend\driveparc\apps\vehicles\views.py changed, reloading.
INFO 2026-04-07 03:29:58,594 autoreload Watching for file changes with StatReloader
INFO 2026-04-07 03:30:05,371 autoreload C:\Users\DELL\projet_tuteure\backend\driveparc\apps\vehicles\views.py changed, reloading.
INFO 2026-04-07 03:30:07,224 autoreload Watching for file changes with StatReloader
INFO 2026-04-07 03:42:12,427 autoreload C:\Users\DELL\projet_tuteure\backend\driveparc\apps\vehicles\views.py changed, reloading.
INFO 2026-04-07 03:42:15,296 autoreload Watching for file changes with StatReloader
INFO 2026-04-07 03:42:21,127 autoreload C:\Users\DELL\projet_tuteure\backend\driveparc\apps\vehicles\views.py changed, reloading.
INFO 2026-04-07 03:42:22,927 autoreload Watching for file changes with StatReloader
INFO 2026-04-07 03:42:25,654 autoreload C:\Users\DELL\projet_tuteure\backend\driveparc\apps\vehicles\views.py changed, reloading.
INFO 2026-04-07 03:42:27,692 autoreload Watching for file changes with StatReloader
INFO 2026-04-07 03:42:39,096 autoreload C:\Users\DELL\projet_tuteure\backend\driveparc\apps\vehicles\views.py changed, reloading.
INFO 2026-04-07 03:42:40,896 autoreload Watching for file changes with StatReloader
ERROR 2026-04-07 03:43:01,114 log Internal Server Error: /api/v1/reservations/
ERROR 2026-04-07 03:43:01,215 log Internal Server Error: /api/v1/reservations/
WARNING 2026-04-07 04:01:25,632 log Unauthorized: /api/v1/auth/users/
WARNING 2026-04-07 04:01:25,640 log Unauthorized: /api/v1/auth/profile/
WARNING 2026-04-07 04:01:25,659 log Unauthorized: /api/v1/vehicles/
WARNING 2026-04-07 04:01:25,664 log Unauthorized: /api/v1/reservations/
WARNING 2026-04-07 04:01:25,704 log Unauthorized: /api/v1/vehicles/stats/
WARNING 2026-04-07 04:01:25,713 log Not Found: /api/v1/maintenance/
WARNING 2026-04-07 04:01:25,866 log Unauthorized: /api/v1/auth/users/
WARNING 2026-04-07 04:01:25,877 log Unauthorized: /api/v1/auth/users/
WARNING 2026-04-07 04:02:11,694 log Unauthorized: /api/v1/auth/users/
WARNING 2026-04-07 04:02:11,697 log Unauthorized: /api/v1/auth/profile/
WARNING 2026-04-07 04:02:11,700 log Unauthorized: /api/v1/vehicles/stats/
WARNING 2026-04-07 04:02:11,704 log Unauthorized: /api/v1/vehicles/
WARNING 2026-04-07 04:02:11,709 log Unauthorized: /api/v1/reservations/
WARNING 2026-04-07 04:02:11,727 log Not Found: /api/v1/maintenance/
WARNING 2026-04-07 04:02:12,018 log Unauthorized: /api/v1/auth/users/
WARNING 2026-04-07 04:02:12,062 log Unauthorized: /api/v1/auth/users/
WARNING 2026-04-07 04:02:32,803 log Not Found: /api/v1/maintenance/
WARNING 2026-04-07 04:02:32,957 log Not Found: /api/v1/maintenance/
WARNING 2026-04-07 04:12:59,767 log Not Found: /api/v1/maintenance/
WARNING 2026-04-07 04:12:59,849 log Not Found: /api/v1/maintenance/
WARNING 2026-04-07 04:19:30,232 log Not Found: /api/v1/maintenance/
WARNING 2026-04-07 04:19:30,581 log Not Found: /api/v1/maintenance/
WARNING 2026-04-07 04:43:05,504 log Not Found: /api/v1/maintenance/
WARNING 2026-04-07 04:43:05,589 log Not Found: /api/v1/maintenance/
WARNING 2026-04-07 04:44:57,025 log Not Found: /api/v1/maintenance/
WARNING 2026-04-07 04:44:57,174 log Not Found: /api/v1/maintenance/
WARNING 2026-04-07 04:54:48,186 log Not Found: /api/v1/maintenance/
WARNING 2026-04-07 04:54:48,289 log Not Found: /api/v1/maintenance/
WARNING 2026-04-07 05:00:16,415 log Not Found: /api/v1/maintenance/
WARNING 2026-04-07 05:00:16,457 log Not Found: /api/v1/maintenance/
WARNING 2026-04-07 05:06:35,484 log Not Found: /api/v1/maintenance/
WARNING 2026-04-07 05:06:35,531 log Not Found: /api/v1/maintenance/
WARNING 2026-04-07 05:07:19,049 log Not Found: /api/v1/maintenance/
WARNING 2026-04-07 05:07:19,083 log Not Found: /api/v1/maintenance/
WARNING 2026-04-07 05:19:26,582 log Not Found: /api/v1/maintenance/
WARNING 2026-04-07 05:19:26,644 log Not Found: /api/v1/maintenance/
INFO 2026-04-07 06:45:35,160 autoreload Watching for file changes with StatReloader
WARNING 2026-04-07 06:47:38,413 log Not Found: /api/v1/maintenance/
WARNING 2026-04-07 06:47:38,458 log Not Found: /api/v1/maintenance/
WARNING 2026-04-07 07:15:39,474 log Not Found: /api/v1/maintenance/
WARNING 2026-04-07 07:15:39,501 log Not Found: /api/v1/maintenance/
ERROR 2026-04-07 07:31:54,253 log Internal Server Error: /api/v1/reservations/
ERROR 2026-04-07 07:31:54,275 log Internal Server Error: /api/v1/reservations/
ERROR 2026-04-07 07:39:02,637 log Internal Server Error: /api/v1/reservations/
ERROR 2026-04-07 07:39:02,656 log Internal Server Error: /api/v1/reservations/
INFO 2026-04-07 07:52:52,632 autoreload C:\Users\DELL\projet_tuteure\backend\driveparc\apps\users\serializers.py changed, reloading.
INFO 2026-04-07 07:52:54,195 autoreload Watching for file changes with StatReloader
INFO 2026-04-07 07:52:57,035 autoreload C:\Users\DELL\projet_tuteure\backend\driveparc\apps\users\serializers.py changed, reloading.
INFO 2026-04-07 07:52:57,863 autoreload Watching for file changes with StatReloader
INFO 2026-04-07 07:53:00,667 autoreload C:\Users\DELL\projet_tuteure\backend\driveparc\apps\users\serializers.py changed, reloading.
INFO 2026-04-07 07:53:02,195 autoreload Watching for file changes with StatReloader
INFO 2026-04-07 07:55:23,433 autoreload C:\Users\DELL\projet_tuteure\backend\driveparc\apps\users\serializers.py changed, reloading.
INFO 2026-04-07 07:55:24,439 autoreload Watching for file changes with StatReloader
INFO 2026-04-07 07:58:42,752 autoreload Watching for file changes with StatReloader
INFO 2026-04-07 07:59:20,180 autoreload C:\Users\DELL\projet_tuteure\backend\driveparc\apps\users\serializers.py changed, reloading.
INFO 2026-04-07 07:59:21,123 autoreload Watching for file changes with StatReloader
WARNING 2026-04-07 08:03:28,312 log Not Found: /
WARNING 2026-04-07 08:03:28,640 log Not Found: /favicon.ico
INFO 2026-04-07 14:34:38,058 autoreload Watching for file changes with StatReloader
INFO 2026-04-07 14:39:28,044 autoreload Watching for file changes with StatReloader
WARNING 2026-04-07 14:40:51,345 log Not Found: /
WARNING 2026-04-07 14:40:51,916 log Not Found: /favicon.ico
INFO 2026-04-07 20:56:38,291 autoreload Watching for file changes with StatReloader
WARNING 2026-04-07 20:57:04,120 log Not Found: /api/v1/maintenance/
WARNING 2026-04-07 20:57:04,290 log Not Found: /api/v1/maintenance/
WARNING 2026-04-07 21:09:15,619 log Not Found: /api/v1/maintenance/
WARNING 2026-04-07 21:27:18,324 log Not Found: /api/v1/maintenance/
WARNING 2026-04-07 21:43:07,947 log Not Found: /api/v1/maintenance/
WARNING 2026-04-07 21:43:08,006 log Not Found: /api/v1/maintenance/
WARNING 2026-04-07 21:50:43,007 log Not Found: /api/v1/maintenance/
WARNING 2026-04-07 21:50:43,070 log Not Found: /api/v1/maintenance/
WARNING 2026-04-07 21:55:10,199 log Not Found: /api/v1/maintenance/
WARNING 2026-04-07 21:55:10,337 log Not Found: /api/v1/maintenance/
WARNING 2026-04-07 21:56:10,447 log Bad Request: /api/v1/vehicles/2/
WARNING 2026-04-07 21:56:54,384 log Bad Request: /api/v1/vehicles/2/
WARNING 2026-04-07 21:57:23,043 log Not Found: /api/v1/maintenance/
WARNING 2026-04-07 21:57:23,129 log Not Found: /api/v1/maintenance/
INFO 2026-04-08 00:49:59,546 autoreload Watching for file changes with StatReloader
WARNING 2026-04-08 00:50:18,603 log Not Found: /api/v1/maintenance/
WARNING 2026-04-08 00:50:18,671 log Not Found: /api/v1/maintenance/
WARNING 2026-04-08 00:51:14,075 log Not Found: /api/v1/maintenance/
WARNING 2026-04-08 00:51:45,172 log Not Found: /api/v1/maintenance/
INFO 2026-04-08 07:27:05,078 autoreload Watching for file changes with StatReloader
ERROR 2026-04-08 07:27:15,412 log Invalid HTTP_HOST header: 'host.docker.internal:8000'. You may need to add 'host.docker.internal' to ALLOWED_HOSTS.
Traceback (most recent call last):
  File "C:\Users\DELL\AppData\Local\Programs\Python\Python313\Lib\site-packages\django\core\handlers\exception.py", line 55, in inner
    response = get_response(request)
  File "C:\Users\DELL\AppData\Local\Programs\Python\Python313\Lib\site-packages\django\utils\deprecation.py", line 308, in __call__
    response = self.process_request(request)
  File "C:\Users\DELL\AppData\Local\Programs\Python\Python313\Lib\site-packages\django\middleware\common.py", line 48, in process_request
    host = request.get_host()
  File "C:\Users\DELL\AppData\Local\Programs\Python\Python313\Lib\site-packages\django\http\request.py", line 205, in get_host
    raise DisallowedHost(msg)
django.core.exceptions.DisallowedHost: Invalid HTTP_HOST header: 'host.docker.internal:8000'. You may need to add 'host.docker.internal' to ALLOWED_HOSTS.
ERROR 2026-04-08 07:27:30,320 log Invalid HTTP_HOST header: 'host.docker.internal:8000'. You may need to add 'host.docker.internal' to ALLOWED_HOSTS.
Traceback (most recent call last):
  File "C:\Users\DELL\AppData\Local\Programs\Python\Python313\Lib\site-packages\django\core\handlers\exception.py", line 55, in inner
    response = get_response(request)
  File "C:\Users\DELL\AppData\Local\Programs\Python\Python313\Lib\site-packages\django\utils\deprecation.py", line 308, in __call__
    response = self.process_request(request)
  File "C:\Users\DELL\AppData\Local\Programs\Python\Python313\Lib\site-packages\django\middleware\common.py", line 48, in process_request
    host = request.get_host()
  File "C:\Users\DELL\AppData\Local\Programs\Python\Python313\Lib\site-packages\django\http\request.py", line 205, in get_host
    raise DisallowedHost(msg)
django.core.exceptions.DisallowedHost: Invalid HTTP_HOST header: 'host.docker.internal:8000'. You may need to add 'host.docker.internal' to ALLOWED_HOSTS.
ERROR 2026-04-08 07:27:45,322 log Invalid HTTP_HOST header: 'host.docker.internal:8000'. You may need to add 'host.docker.internal' to ALLOWED_HOSTS.
Traceback (most recent call last):
  File "C:\Users\DELL\AppData\Local\Programs\Python\Python313\Lib\site-packages\django\core\handlers\exception.py", line 55, in inner
    response = get_response(request)
  File "C:\Users\DELL\AppData\Local\Programs\Python\Python313\Lib\site-packages\django\utils\deprecation.py", line 308, in __call__
    response = self.process_request(request)
  File "C:\Users\DELL\AppData\Local\Programs\Python\Python313\Lib\site-packages\django\middleware\common.py", line 48, in process_request
    host = request.get_host()
  File "C:\Users\DELL\AppData\Local\Programs\Python\Python313\Lib\site-packages\django\http\request.py", line 205, in get_host
    raise DisallowedHost(msg)
django.core.exceptions.DisallowedHost: Invalid HTTP_HOST header: 'host.docker.internal:8000'. You may need to add 'host.docker.internal' to ALLOWED_HOSTS.
ERROR 2026-04-08 07:28:00,461 log Invalid HTTP_HOST header: 'host.docker.internal:8000'. You may need to add 'host.docker.internal' to ALLOWED_HOSTS.
Traceback (most recent call last):
  File "C:\Users\DELL\AppData\Local\Programs\Python\Python313\Lib\site-packages\django\core\handlers\exception.py", line 55, in inner
    response = get_response(request)
  File "C:\Users\DELL\AppData\Local\Programs\Python\Python313\Lib\site-packages\django\utils\deprecation.py", line 308, in __call__
    response = self.process_request(request)
  File "C:\Users\DELL\AppData\Local\Programs\Python\Python313\Lib\site-packages\django\middleware\common.py", line 48, in process_request
    host = request.get_host()
  File "C:\Users\DELL\AppData\Local\Programs\Python\Python313\Lib\site-packages\django\http\request.py", line 205, in get_host
    raise DisallowedHost(msg)
django.core.exceptions.DisallowedHost: Invalid HTTP_HOST header: 'host.docker.internal:8000'. You may need to add 'host.docker.internal' to ALLOWED_HOSTS.
ERROR 2026-04-08 07:28:15,363 log Invalid HTTP_HOST header: 'host.docker.internal:8000'. You may need to add 'host.docker.internal' to ALLOWED_HOSTS.
Traceback (most recent call last):
  File "C:\Users\DELL\AppData\Local\Programs\Python\Python313\Lib\site-packages\django\core\handlers\exception.py", line 55, in inner
    response = get_response(request)
  File "C:\Users\DELL\AppData\Local\Programs\Python\Python313\Lib\site-packages\django\utils\deprecation.py", line 308, in __call__
    response = self.process_request(request)
  File "C:\Users\DELL\AppData\Local\Programs\Python\Python313\Lib\site-packages\django\middleware\common.py", line 48, in process_request
    host = request.get_host()
  File "C:\Users\DELL\AppData\Local\Programs\Python\Python313\Lib\site-packages\django\http\request.py", line 205, in get_host
    raise DisallowedHost(msg)
django.core.exceptions.DisallowedHost: Invalid HTTP_HOST header: 'host.docker.internal:8000'. You may need to add 'host.docker.internal' to ALLOWED_HOSTS.
INFO 2026-04-08 07:28:34,731 autoreload Watching for file changes with StatReloader
WARNING 2026-04-08 07:29:39,355 log Not Found: /favicon.ico
ERROR 2026-04-08 07:31:30,328 log Invalid HTTP_HOST header: 'host.docker.internal:8000'. You may need to add 'host.docker.internal' to ALLOWED_HOSTS.
Traceback (most recent call last):
  File "C:\Users\DELL\AppData\Local\Programs\Python\Python313\Lib\site-packages\django\core\handlers\exception.py", line 55, in inner
    response = get_response(request)
  File "C:\Users\DELL\AppData\Local\Programs\Python\Python313\Lib\site-packages\django\utils\deprecation.py", line 308, in __call__
    response = self.process_request(request)
  File "C:\Users\DELL\AppData\Local\Programs\Python\Python313\Lib\site-packages\django\middleware\common.py", line 48, in process_request
    host = request.get_host()
  File "C:\Users\DELL\AppData\Local\Programs\Python\Python313\Lib\site-packages\django\http\request.py", line 205, in get_host
    raise DisallowedHost(msg)
django.core.exceptions.DisallowedHost: Invalid HTTP_HOST header: 'host.docker.internal:8000'. You may need to add 'host.docker.internal' to ALLOWED_HOSTS.
ERROR 2026-04-08 07:31:45,302 log Invalid HTTP_HOST header: 'host.docker.internal:8000'. You may need to add 'host.docker.internal' to ALLOWED_HOSTS.
Traceback (most recent call last):
  File "C:\Users\DELL\AppData\Local\Programs\Python\Python313\Lib\site-packages\django\core\handlers\exception.py", line 55, in inner
    response = get_response(request)
  File "C:\Users\DELL\AppData\Local\Programs\Python\Python313\Lib\site-packages\django\utils\deprecation.py", line 308, in __call__
    response = self.process_request(request)
  File "C:\Users\DELL\AppData\Local\Programs\Python\Python313\Lib\site-packages\django\middleware\common.py", line 48, in process_request
    host = request.get_host()
  File "C:\Users\DELL\AppData\Local\Programs\Python\Python313\Lib\site-packages\django\http\request.py", line 205, in get_host
    raise DisallowedHost(msg)
django.core.exceptions.DisallowedHost: Invalid HTTP_HOST header: 'host.docker.internal:8000'. You may need to add 'host.docker.internal' to ALLOWED_HOSTS.
ERROR 2026-04-08 07:32:00,310 log Invalid HTTP_HOST header: 'host.docker.internal:8000'. You may need to add 'host.docker.internal' to ALLOWED_HOSTS.
Traceback (most recent call last):
  File "C:\Users\DELL\AppData\Local\Programs\Python\Python313\Lib\site-packages\django\core\handlers\exception.py", line 55, in inner
    response = get_response(request)
  File "C:\Users\DELL\AppData\Local\Programs\Python\Python313\Lib\site-packages\django\utils\deprecation.py", line 308, in __call__
    response = self.process_request(request)
  File "C:\Users\DELL\AppData\Local\Programs\Python\Python313\Lib\site-packages\django\middleware\common.py", line 48, in process_request
    host = request.get_host()
  File "C:\Users\DELL\AppData\Local\Programs\Python\Python313\Lib\site-packages\django\http\request.py", line 205, in get_host
    raise DisallowedHost(msg)
django.core.exceptions.DisallowedHost: Invalid HTTP_HOST header: 'host.docker.internal:8000'. You may need to add 'host.docker.internal' to ALLOWED_HOSTS.
ERROR 2026-04-08 07:32:15,273 log Invalid HTTP_HOST header: 'host.docker.internal:8000'. You may need to add 'host.docker.internal' to ALLOWED_HOSTS.
Traceback (most recent call last):
  File "C:\Users\DELL\AppData\Local\Programs\Python\Python313\Lib\site-packages\django\core\handlers\exception.py", line 55, in inner
    response = get_response(request)
  File "C:\Users\DELL\AppData\Local\Programs\Python\Python313\Lib\site-packages\django\utils\deprecation.py", line 308, in __call__
    response = self.process_request(request)
  File "C:\Users\DELL\AppData\Local\Programs\Python\Python313\Lib\site-packages\django\middleware\common.py", line 48, in process_request
    host = request.get_host()
  File "C:\Users\DELL\AppData\Local\Programs\Python\Python313\Lib\site-packages\django\http\request.py", line 205, in get_host
    raise DisallowedHost(msg)
django.core.exceptions.DisallowedHost: Invalid HTTP_HOST header: 'host.docker.internal:8000'. You may need to add 'host.docker.internal' to ALLOWED_HOSTS.
ERROR 2026-04-08 07:32:30,277 log Invalid HTTP_HOST header: 'host.docker.internal:8000'. You may need to add 'host.docker.internal' to ALLOWED_HOSTS.
Traceback (most recent call last):
  File "C:\Users\DELL\AppData\Local\Programs\Python\Python313\Lib\site-packages\django\core\handlers\exception.py", line 55, in inner
    response = get_response(request)
  File "C:\Users\DELL\AppData\Local\Programs\Python\Python313\Lib\site-packages\django\utils\deprecation.py", line 308, in __call__
    response = self.process_request(request)
  File "C:\Users\DELL\AppData\Local\Programs\Python\Python313\Lib\site-packages\django\middleware\common.py", line 48, in process_request
    host = request.get_host()
  File "C:\Users\DELL\AppData\Local\Programs\Python\Python313\Lib\site-packages\django\http\request.py", line 205, in get_host
    raise DisallowedHost(msg)
django.core.exceptions.DisallowedHost: Invalid HTTP_HOST header: 'host.docker.internal:8000'. You may need to add 'host.docker.internal' to ALLOWED_HOSTS.
ERROR 2026-04-08 07:32:45,298 log Invalid HTTP_HOST header: 'host.docker.internal:8000'. You may need to add 'host.docker.internal' to ALLOWED_HOSTS.
Traceback (most recent call last):
  File "C:\Users\DELL\AppData\Local\Programs\Python\Python313\Lib\site-packages\django\core\handlers\exception.py", line 55, in inner
    response = get_response(request)
  File "C:\Users\DELL\AppData\Local\Programs\Python\Python313\Lib\site-packages\django\utils\deprecation.py", line 308, in __call__
    response = self.process_request(request)
  File "C:\Users\DELL\AppData\Local\Programs\Python\Python313\Lib\site-packages\django\middleware\common.py", line 48, in process_request
    host = request.get_host()
  File "C:\Users\DELL\AppData\Local\Programs\Python\Python313\Lib\site-packages\django\http\request.py", line 205, in get_host
    raise DisallowedHost(msg)
django.core.exceptions.DisallowedHost: Invalid HTTP_HOST header: 'host.docker.internal:8000'. You may need to add 'host.docker.internal' to ALLOWED_HOSTS.
ERROR 2026-04-08 07:33:00,296 log Invalid HTTP_HOST header: 'host.docker.internal:8000'. You may need to add 'host.docker.internal' to ALLOWED_HOSTS.
Traceback (most recent call last):
  File "C:\Users\DELL\AppData\Local\Programs\Python\Python313\Lib\site-packages\django\core\handlers\exception.py", line 55, in inner
    response = get_response(request)
  File "C:\Users\DELL\AppData\Local\Programs\Python\Python313\Lib\site-packages\django\utils\deprecation.py", line 308, in __call__
    response = self.process_request(request)
  File "C:\Users\DELL\AppData\Local\Programs\Python\Python313\Lib\site-packages\django\middleware\common.py", line 48, in process_request
    host = request.get_host()
  File "C:\Users\DELL\AppData\Local\Programs\Python\Python313\Lib\site-packages\django\http\request.py", line 205, in get_host
    raise DisallowedHost(msg)
django.core.exceptions.DisallowedHost: Invalid HTTP_HOST header: 'host.docker.internal:8000'. You may need to add 'host.docker.internal' to ALLOWED_HOSTS.
ERROR 2026-04-08 07:33:15,302 log Invalid HTTP_HOST header: 'host.docker.internal:8000'. You may need to add 'host.docker.internal' to ALLOWED_HOSTS.
Traceback (most recent call last):
  File "C:\Users\DELL\AppData\Local\Programs\Python\Python313\Lib\site-packages\django\core\handlers\exception.py", line 55, in inner
    response = get_response(request)
  File "C:\Users\DELL\AppData\Local\Programs\Python\Python313\Lib\site-packages\django\utils\deprecation.py", line 308, in __call__
    response = self.process_request(request)
  File "C:\Users\DELL\AppData\Local\Programs\Python\Python313\Lib\site-packages\django\middleware\common.py", line 48, in process_request
    host = request.get_host()
  File "C:\Users\DELL\AppData\Local\Programs\Python\Python313\Lib\site-packages\django\http\request.py", line 205, in get_host
    raise DisallowedHost(msg)
django.core.exceptions.DisallowedHost: Invalid HTTP_HOST header: 'host.docker.internal:8000'. You may need to add 'host.docker.internal' to ALLOWED_HOSTS.
INFO 2026-04-08 07:33:25,898 autoreload Watching for file changes with StatReloader
ERROR 2026-04-08 07:33:30,285 log Invalid HTTP_HOST header: 'host.docker.internal:8000'. You may need to add 'host.docker.internal' to ALLOWED_HOSTS.
Traceback (most recent call last):
  File "C:\Users\DELL\AppData\Local\Programs\Python\Python313\Lib\site-packages\django\core\handlers\exception.py", line 55, in inner
    response = get_response(request)
  File "C:\Users\DELL\AppData\Local\Programs\Python\Python313\Lib\site-packages\django\utils\deprecation.py", line 308, in __call__
    response = self.process_request(request)
  File "C:\Users\DELL\AppData\Local\Programs\Python\Python313\Lib\site-packages\django\middleware\common.py", line 48, in process_request
    host = request.get_host()
  File "C:\Users\DELL\AppData\Local\Programs\Python\Python313\Lib\site-packages\django\http\request.py", line 205, in get_host
    raise DisallowedHost(msg)
django.core.exceptions.DisallowedHost: Invalid HTTP_HOST header: 'host.docker.internal:8000'. You may need to add 'host.docker.internal' to ALLOWED_HOSTS.
ERROR 2026-04-08 07:33:45,275 log Invalid HTTP_HOST header: 'host.docker.internal:8000'. You may need to add 'host.docker.internal' to ALLOWED_HOSTS.
Traceback (most recent call last):
  File "C:\Users\DELL\AppData\Local\Programs\Python\Python313\Lib\site-packages\django\core\handlers\exception.py", line 55, in inner
    response = get_response(request)
  File "C:\Users\DELL\AppData\Local\Programs\Python\Python313\Lib\site-packages\django\utils\deprecation.py", line 308, in __call__
    response = self.process_request(request)
  File "C:\Users\DELL\AppData\Local\Programs\Python\Python313\Lib\site-packages\django\middleware\common.py", line 48, in process_request
    host = request.get_host()
  File "C:\Users\DELL\AppData\Local\Programs\Python\Python313\Lib\site-packages\django\http\request.py", line 205, in get_host
    raise DisallowedHost(msg)
django.core.exceptions.DisallowedHost: Invalid HTTP_HOST header: 'host.docker.internal:8000'. You may need to add 'host.docker.internal' to ALLOWED_HOSTS.
ERROR 2026-04-08 07:34:00,304 log Invalid HTTP_HOST header: 'host.docker.internal:8000'. You may need to add 'host.docker.internal' to ALLOWED_HOSTS.
Traceback (most recent call last):
  File "C:\Users\DELL\AppData\Local\Programs\Python\Python313\Lib\site-packages\django\core\handlers\exception.py", line 55, in inner
    response = get_response(request)
  File "C:\Users\DELL\AppData\Local\Programs\Python\Python313\Lib\site-packages\django\utils\deprecation.py", line 308, in __call__
    response = self.process_request(request)
  File "C:\Users\DELL\AppData\Local\Programs\Python\Python313\Lib\site-packages\django\middleware\common.py", line 48, in process_request
    host = request.get_host()
  File "C:\Users\DELL\AppData\Local\Programs\Python\Python313\Lib\site-packages\django\http\request.py", line 205, in get_host
    raise DisallowedHost(msg)
django.core.exceptions.DisallowedHost: Invalid HTTP_HOST header: 'host.docker.internal:8000'. You may need to add 'host.docker.internal' to ALLOWED_HOSTS.
ERROR 2026-04-08 07:34:15,281 log Invalid HTTP_HOST header: 'host.docker.internal:8000'. You may need to add 'host.docker.internal' to ALLOWED_HOSTS.
Traceback (most recent call last):
  File "C:\Users\DELL\AppData\Local\Programs\Python\Python313\Lib\site-packages\django\core\handlers\exception.py", line 55, in inner
    response = get_response(request)
  File "C:\Users\DELL\AppData\Local\Programs\Python\Python313\Lib\site-packages\django\utils\deprecation.py", line 308, in __call__
    response = self.process_request(request)
  File "C:\Users\DELL\AppData\Local\Programs\Python\Python313\Lib\site-packages\django\middleware\common.py", line 48, in process_request
    host = request.get_host()
  File "C:\Users\DELL\AppData\Local\Programs\Python\Python313\Lib\site-packages\django\http\request.py", line 205, in get_host
    raise DisallowedHost(msg)
django.core.exceptions.DisallowedHost: Invalid HTTP_HOST header: 'host.docker.internal:8000'. You may need to add 'host.docker.internal' to ALLOWED_HOSTS.
ERROR 2026-04-08 07:34:30,261 log Invalid HTTP_HOST header: 'host.docker.internal:8000'. You may need to add 'host.docker.internal' to ALLOWED_HOSTS.
Traceback (most recent call last):
  File "C:\Users\DELL\AppData\Local\Programs\Python\Python313\Lib\site-packages\django\core\handlers\exception.py", line 55, in inner
    response = get_response(request)
  File "C:\Users\DELL\AppData\Local\Programs\Python\Python313\Lib\site-packages\django\utils\deprecation.py", line 308, in __call__
    response = self.process_request(request)
  File "C:\Users\DELL\AppData\Local\Programs\Python\Python313\Lib\site-packages\django\middleware\common.py", line 48, in process_request
    host = request.get_host()
  File "C:\Users\DELL\AppData\Local\Programs\Python\Python313\Lib\site-packages\django\http\request.py", line 205, in get_host
    raise DisallowedHost(msg)
django.core.exceptions.DisallowedHost: Invalid HTTP_HOST header: 'host.docker.internal:8000'. You may need to add 'host.docker.internal' to ALLOWED_HOSTS.
ERROR 2026-04-08 07:34:45,456 log Invalid HTTP_HOST header: 'host.docker.internal:8000'. You may need to add 'host.docker.internal' to ALLOWED_HOSTS.
Traceback (most recent call last):
  File "C:\Users\DELL\AppData\Local\Programs\Python\Python313\Lib\site-packages\django\core\handlers\exception.py", line 55, in inner
    response = get_response(request)
  File "C:\Users\DELL\AppData\Local\Programs\Python\Python313\Lib\site-packages\django\utils\deprecation.py", line 308, in __call__
    response = self.process_request(request)
  File "C:\Users\DELL\AppData\Local\Programs\Python\Python313\Lib\site-packages\django\middleware\common.py", line 48, in process_request
    host = request.get_host()
  File "C:\Users\DELL\AppData\Local\Programs\Python\Python313\Lib\site-packages\django\http\request.py", line 205, in get_host
    raise DisallowedHost(msg)
django.core.exceptions.DisallowedHost: Invalid HTTP_HOST header: 'host.docker.internal:8000'. You may need to add 'host.docker.internal' to ALLOWED_HOSTS.
ERROR 2026-04-08 07:35:00,269 log Invalid HTTP_HOST header: 'host.docker.internal:8000'. You may need to add 'host.docker.internal' to ALLOWED_HOSTS.
Traceback (most recent call last):
  File "C:\Users\DELL\AppData\Local\Programs\Python\Python313\Lib\site-packages\django\core\handlers\exception.py", line 55, in inner
    response = get_response(request)
  File "C:\Users\DELL\AppData\Local\Programs\Python\Python313\Lib\site-packages\django\utils\deprecation.py", line 308, in __call__
    response = self.process_request(request)
  File "C:\Users\DELL\AppData\Local\Programs\Python\Python313\Lib\site-packages\django\middleware\common.py", line 48, in process_request
    host = request.get_host()
  File "C:\Users\DELL\AppData\Local\Programs\Python\Python313\Lib\site-packages\django\http\request.py", line 205, in get_host
    raise DisallowedHost(msg)
django.core.exceptions.DisallowedHost: Invalid HTTP_HOST header: 'host.docker.internal:8000'. You may need to add 'host.docker.internal' to ALLOWED_HOSTS.
ERROR 2026-04-08 07:35:15,276 log Invalid HTTP_HOST header: 'host.docker.internal:8000'. You may need to add 'host.docker.internal' to ALLOWED_HOSTS.
Traceback (most recent call last):
  File "C:\Users\DELL\AppData\Local\Programs\Python\Python313\Lib\site-packages\django\core\handlers\exception.py", line 55, in inner
    response = get_response(request)
  File "C:\Users\DELL\AppData\Local\Programs\Python\Python313\Lib\site-packages\django\utils\deprecation.py", line 308, in __call__
    response = self.process_request(request)
  File "C:\Users\DELL\AppData\Local\Programs\Python\Python313\Lib\site-packages\django\middleware\common.py", line 48, in process_request
    host = request.get_host()
  File "C:\Users\DELL\AppData\Local\Programs\Python\Python313\Lib\site-packages\django\http\request.py", line 205, in get_host
    raise DisallowedHost(msg)
django.core.exceptions.DisallowedHost: Invalid HTTP_HOST header: 'host.docker.internal:8000'. You may need to add 'host.docker.internal' to ALLOWED_HOSTS.
ERROR 2026-04-08 07:35:30,251 log Invalid HTTP_HOST header: 'host.docker.internal:8000'. You may need to add 'host.docker.internal' to ALLOWED_HOSTS.
Traceback (most recent call last):
  File "C:\Users\DELL\AppData\Local\Programs\Python\Python313\Lib\site-packages\django\core\handlers\exception.py", line 55, in inner
    response = get_response(request)
  File "C:\Users\DELL\AppData\Local\Programs\Python\Python313\Lib\site-packages\django\utils\deprecation.py", line 308, in __call__
    response = self.process_request(request)
  File "C:\Users\DELL\AppData\Local\Programs\Python\Python313\Lib\site-packages\django\middleware\common.py", line 48, in process_request
    host = request.get_host()
  File "C:\Users\DELL\AppData\Local\Programs\Python\Python313\Lib\site-packages\django\http\request.py", line 205, in get_host
    raise DisallowedHost(msg)
django.core.exceptions.DisallowedHost: Invalid HTTP_HOST header: 'host.docker.internal:8000'. You may need to add 'host.docker.internal' to ALLOWED_HOSTS.
ERROR 2026-04-08 07:35:45,257 log Invalid HTTP_HOST header: 'host.docker.internal:8000'. You may need to add 'host.docker.internal' to ALLOWED_HOSTS.
Traceback (most recent call last):
  File "C:\Users\DELL\AppData\Local\Programs\Python\Python313\Lib\site-packages\django\core\handlers\exception.py", line 55, in inner
    response = get_response(request)
  File "C:\Users\DELL\AppData\Local\Programs\Python\Python313\Lib\site-packages\django\utils\deprecation.py", line 308, in __call__
    response = self.process_request(request)
  File "C:\Users\DELL\AppData\Local\Programs\Python\Python313\Lib\site-packages\django\middleware\common.py", line 48, in process_request
    host = request.get_host()
  File "C:\Users\DELL\AppData\Local\Programs\Python\Python313\Lib\site-packages\django\http\request.py", line 205, in get_host
    raise DisallowedHost(msg)
django.core.exceptions.DisallowedHost: Invalid HTTP_HOST header: 'host.docker.internal:8000'. You may need to add 'host.docker.internal' to ALLOWED_HOSTS.
ERROR 2026-04-08 07:36:00,272 log Invalid HTTP_HOST header: 'host.docker.internal:8000'. You may need to add 'host.docker.internal' to ALLOWED_HOSTS.
Traceback (most recent call last):
  File "C:\Users\DELL\AppData\Local\Programs\Python\Python313\Lib\site-packages\django\core\handlers\exception.py", line 55, in inner
    response = get_response(request)
  File "C:\Users\DELL\AppData\Local\Programs\Python\Python313\Lib\site-packages\django\utils\deprecation.py", line 308, in __call__
    response = self.process_request(request)
  File "C:\Users\DELL\AppData\Local\Programs\Python\Python313\Lib\site-packages\django\middleware\common.py", line 48, in process_request
    host = request.get_host()
  File "C:\Users\DELL\AppData\Local\Programs\Python\Python313\Lib\site-packages\django\http\request.py", line 205, in get_host
    raise DisallowedHost(msg)
django.core.exceptions.DisallowedHost: Invalid HTTP_HOST header: 'host.docker.internal:8000'. You may need to add 'host.docker.internal' to ALLOWED_HOSTS.
INFO 2026-04-08 07:36:30,155 autoreload Watching for file changes with StatReloader
WARNING 2026-04-08 07:36:47,813 log Not Found: /api/v1/maintenance/
WARNING 2026-04-08 07:36:47,935 log Not Found: /api/v1/maintenance/
WARNING 2026-04-08 07:45:43,532 log Not Found: /api/v1/maintenance/
ERROR 2026-04-08 07:46:37,697 log Internal Server Error: /api/v1/reservations/
ERROR 2026-04-08 07:46:37,738 log Internal Server Error: /api/v1/reservations/
INFO 2026-04-08 08:14:39,687 autoreload Watching for file changes with StatReloader
INFO 2026-04-08 08:29:34,710 autoreload Watching for file changes with StatReloader
WARNING 2026-04-08 08:29:50,522 log Not Found: /api/v1/maintenance/
WARNING 2026-04-08 08:29:50,611 log Not Found: /api/v1/maintenance/
ERROR 2026-04-08 08:32:57,085 log Internal Server Error: /api/v1/reservations/
ERROR 2026-04-08 08:32:57,106 log Internal Server Error: /api/v1/reservations/
INFO 2026-04-08 11:19:36,734 autoreload Watching for file changes with StatReloader
INFO 2026-04-08 11:27:54,611 autoreload C:\Users\DELL\projet_tuteure\backend\driveparc\apps\users\serializers.py changed, reloading.
INFO 2026-04-08 11:27:55,388 autoreload Watching for file changes with StatReloader
INFO 2026-04-08 11:28:45,739 autoreload C:\Users\DELL\projet_tuteure\backend\driveparc\apps\users\serializers.py changed, reloading.
INFO 2026-04-08 11:28:46,582 autoreload Watching for file changes with StatReloader
INFO 2026-04-08 11:42:57,336 autoreload Watching for file changes with StatReloader
INFO 2026-04-08 12:00:50,328 autoreload Watching for file changes with StatReloader
ERROR 2026-04-08 12:01:15,418 log Internal Server Error: /api/v1/auth/login/
INFO 2026-04-08 12:02:55,716 autoreload C:\Users\DELL\projet_tuteure\backend\driveparc\apps\users\models.py changed, reloading.
INFO 2026-04-08 12:02:57,320 autoreload Watching for file changes with StatReloader
INFO 2026-04-08 12:04:07,061 autoreload Watching for file changes with StatReloader
WARNING 2026-04-08 12:04:23,759 log Not Found: /api/v1/maintenance/
WARNING 2026-04-08 12:04:23,863 log Not Found: /api/v1/maintenance/
WARNING 2026-04-08 19:13:08,539 log Not Found: /api/v1/maintenance/
WARNING 2026-04-08 19:13:08,731 log Not Found: /api/v1/maintenance/
WARNING 2026-04-08 19:16:55,010 log Not Found: /api/v1/maintenance/
WARNING 2026-04-08 19:16:55,272 log Not Found: /api/v1/maintenance/
WARNING 2026-04-08 19:20:01,965 log Unauthorized: /api/v1/auth/departments/
WARNING 2026-04-08 19:20:04,075 log Not Found: /favicon.ico
WARNING 2026-04-08 19:29:15,185 log Not Found: /api/v1/maintenance/
WARNING 2026-04-08 19:29:15,373 log Not Found: /api/v1/maintenance/
WARNING 2026-04-08 19:33:55,761 log Not Found: /api/v1/maintenance/
WARNING 2026-04-08 19:33:55,847 log Not Found: /api/v1/maintenance/
WARNING 2026-04-08 19:34:36,819 log Not Found: /api/v1/maintenance/
INFO 2026-04-08 19:46:33,415 autoreload Watching for file changes with StatReloader
WARNING 2026-04-08 19:47:04,633 log Not Found: /api/v1/maintenance/
WARNING 2026-04-08 19:47:04,783 log Not Found: /api/v1/maintenance/
WARNING 2026-04-08 19:47:36,994 log Bad Request: /api/v1/auth/users/create-with-vehicle/
WARNING 2026-04-08 19:49:04,957 log Bad Request: /api/v1/auth/users/create-with-vehicle/
WARNING 2026-04-08 19:50:02,318 log Bad Request: /api/v1/auth/users/create-with-vehicle/
INFO 2026-04-08 19:51:59,073 autoreload Watching for file changes with StatReloader
WARNING 2026-04-08 19:52:27,315 log Unauthorized: /api/v1/auth/users/create-with-vehicle/
WARNING 2026-04-08 19:52:36,950 log Bad Request: /api/v1/auth/users/create-with-vehicle/
INFO 2026-04-08 19:55:04,255 autoreload C:\Users\DELL\projet_tuteure\backend\driveparc\apps\users\serializers.py changed, reloading.
INFO 2026-04-08 19:55:08,451 autoreload Watching for file changes with StatReloader
INFO 2026-04-08 19:56:06,604 autoreload C:\Users\DELL\projet_tuteure\backend\driveparc\apps\users\models.py changed, reloading.
INFO 2026-04-08 19:56:10,249 autoreload Watching for file changes with StatReloader
INFO 2026-04-08 19:56:46,823 autoreload Watching for file changes with StatReloader
WARNING 2026-04-08 19:56:52,325 log Bad Request: /api/v1/auth/users/create-with-vehicle/
WARNING 2026-04-08 19:57:01,757 log Bad Request: /api/v1/auth/users/create-with-vehicle/
WARNING 2026-04-08 19:57:06,548 log Bad Request: /api/v1/auth/users/create-with-vehicle/
INFO 2026-04-08 19:59:39,779 autoreload C:\Users\DELL\projet_tuteure\backend\driveparc\apps\users\views.py changed, reloading.
INFO 2026-04-08 19:59:43,332 autoreload Watching for file changes with StatReloader
INFO 2026-04-08 19:59:48,685 autoreload C:\Users\DELL\projet_tuteure\backend\driveparc\apps\users\views.py changed, reloading.
INFO 2026-04-08 19:59:51,238 autoreload Watching for file changes with StatReloader
INFO 2026-04-08 19:59:57,674 autoreload C:\Users\DELL\projet_tuteure\backend\driveparc\apps\users\views.py changed, reloading.
INFO 2026-04-08 20:00:00,191 autoreload Watching for file changes with StatReloader
INFO 2026-04-08 20:00:05,531 autoreload C:\Users\DELL\projet_tuteure\backend\driveparc\apps\users\views.py changed, reloading.
INFO 2026-04-08 20:00:08,444 autoreload Watching for file changes with StatReloader
WARNING 2026-04-08 20:00:16,422 log Bad Request: /api/v1/auth/users/create-with-vehicle/
WARNING 2026-04-08 20:02:32,491 log Not Found: /api/v1/vehicles/my-vehicle/
WARNING 2026-04-08 20:02:32,614 log Not Found: /api/v1/vehicles/my-vehicle/
WARNING 2026-04-08 20:02:45,747 log Bad Request: /api/v1/auth/logout/
WARNING 2026-04-08 20:03:03,659 log Not Found: /api/v1/vehicles/my-vehicle/
WARNING 2026-04-08 20:03:03,758 log Not Found: /api/v1/vehicles/my-vehicle/
WARNING 2026-04-08 20:20:34,993 log Not Found: /api/v1/vehicles/my-vehicle/
WARNING 2026-04-08 20:20:35,110 log Not Found: /api/v1/vehicles/my-vehicle/
WARNING 2026-04-08 20:20:57,112 log Not Found: /api/v1/maintenance/
WARNING 2026-04-08 20:20:57,245 log Not Found: /api/v1/maintenance/
ERROR 2026-04-08 20:21:03,819 log Internal Server Error: /api/v1/reservations/
ERROR 2026-04-08 20:21:04,007 log Internal Server Error: /api/v1/reservations/
ERROR 2026-04-08 20:21:17,066 log Internal Server Error: /api/v1/reservations/3/approve/
INFO 2026-04-08 20:28:08,223 autoreload C:\Users\DELL\projet_tuteure\backend\driveparc\apps\reservations\serializers.py changed, reloading.
INFO 2026-04-08 20:28:10,943 autoreload Watching for file changes with StatReloader
INFO 2026-04-08 20:28:15,424 autoreload C:\Users\DELL\projet_tuteure\backend\driveparc\apps\reservations\serializers.py changed, reloading.
INFO 2026-04-08 20:28:19,204 autoreload Watching for file changes with StatReloader
INFO 2026-04-08 20:28:24,531 autoreload C:\Users\DELL\projet_tuteure\backend\driveparc\apps\reservations\serializers.py changed, reloading.
INFO 2026-04-08 20:28:27,099 autoreload Watching for file changes with StatReloader
INFO 2026-04-08 20:28:30,797 autoreload C:\Users\DELL\projet_tuteure\backend\driveparc\apps\reservations\serializers.py changed, reloading.
INFO 2026-04-08 20:28:32,902 autoreload Watching for file changes with StatReloader
WARNING 2026-04-08 20:31:32,654 log Not Found: /api/v1/maintenance/
WARNING 2026-04-08 20:31:32,764 log Not Found: /api/v1/maintenance/
WARNING 2026-04-09 11:03:29,567 log Not Found: /api/v1/maintenance/
WARNING 2026-04-09 11:03:29,629 log Not Found: /api/v1/maintenance/
WARNING 2026-04-09 11:40:24,533 log Not Found: /api/v1/maintenance/
WARNING 2026-04-09 11:40:24,565 log Not Found: /api/v1/maintenance/
WARNING 2026-04-09 14:08:42,624 log Bad Request: /api/v1/reservations/
WARNING 2026-04-09 10:10:32,058 log Unauthorized: /api/v1/reservations/
WARNING 2026-04-09 10:11:14,884 log Unauthorized: /api/v1/reservations/
WARNING 2026-04-09 11:02:35,751 log Bad Request: /api/v1/auth/login/
INFO 2026-04-09 13:09:30,609 autoreload Watching for file changes with StatReloader
WARNING 2026-04-09 14:11:49,559 log Not Found: /api/v1/maintenance/
WARNING 2026-04-09 14:11:49,639 log Not Found: /api/v1/maintenance/
WARNING 2026-04-09 14:17:13,167 log Not Found: /api/v1/maintenance/
WARNING 2026-04-09 14:17:13,235 log Not Found: /api/v1/maintenance/
WARNING 2026-04-09 14:17:45,548 log Not Found: /api/v1/maintenance/
WARNING 2026-04-09 14:39:32,668 log Not Found: /api/v1/maintenance/
WARNING 2026-04-09 14:39:32,743 log Not Found: /api/v1/maintenance/
WARNING 2026-04-09 14:39:57,511 log Not Found: /api/v1/maintenance/
WARNING 2026-04-09 22:25:12,519 log Bad Request: /api/v1/auth/change-password/
WARNING 2026-04-09 22:26:08,592 log Bad Request: /api/v1/auth/change-password/
WARNING 2026-04-09 22:26:14,737 log Method Not Allowed: /api/v1/auth/profile/
WARNING 2026-04-09 22:46:14,940 log Unauthorized: /api/v1/auth/profile/
WARNING 2026-04-09 22:46:14,958 log Unauthorized: /api/v1/reservations/
WARNING 2026-04-09 22:46:14,967 log Unauthorized: /api/v1/notifications/
WARNING 2026-04-09 22:48:38,490 log Bad Request: /api/v1/auth/login/
WARNING 2026-04-10 08:54:50,646 log Not Found: /api/v1/maintenance/
WARNING 2026-04-10 08:54:50,733 log Not Found: /api/v1/maintenance/
INFO 2026-04-10 09:37:22,473 autoreload C:\Users\DELL\projet_tuteure\backend\driveparc\apps\documents\models.py changed, reloading.
INFO 2026-04-10 09:37:25,413 autoreload Watching for file changes with StatReloader
INFO 2026-04-10 09:37:28,845 autoreload C:\Users\DELL\projet_tuteure\backend\driveparc\apps\documents\models.py changed, reloading.
INFO 2026-04-10 09:37:31,202 autoreload Watching for file changes with StatReloader
INFO 2026-04-10 09:37:57,989 autoreload C:\Users\DELL\projet_tuteure\backend\driveparc\apps\documents\serializers.py changed, reloading.
INFO 2026-04-10 09:37:59,591 autoreload Watching for file changes with StatReloader
INFO 2026-04-10 09:38:23,698 autoreload C:\Users\DELL\projet_tuteure\backend\driveparc\apps\documents\views.py changed, reloading.
INFO 2026-04-10 09:38:25,922 autoreload Watching for file changes with StatReloader
WARNING 2026-04-10 09:39:47,115 log Not Found: /api/v1/maintenance/
WARNING 2026-04-10 09:39:47,186 log Not Found: /api/v1/maintenance/
WARNING 2026-04-10 09:45:47,292 log Not Found: /favicon.ico
INFO 2026-04-10 10:01:44,627 autoreload C:\Users\DELL\projet_tuteure\backend\driveparc\apps\documents\views.py changed, reloading.
INFO 2026-04-10 10:01:46,506 autoreload Watching for file changes with StatReloader
INFO 2026-04-10 10:01:53,314 autoreload C:\Users\DELL\projet_tuteure\backend\driveparc\apps\documents\views.py changed, reloading.
INFO 2026-04-10 10:01:55,189 autoreload Watching for file changes with StatReloader
INFO 2026-04-10 10:02:25,177 autoreload C:\Users\DELL\projet_tuteure\backend\driveparc\apps\documents\views.py changed, reloading.
INFO 2026-04-10 10:02:27,156 autoreload Watching for file changes with StatReloader
INFO 2026-04-10 10:03:01,516 autoreload C:\Users\DELL\projet_tuteure\backend\driveparc\apps\documents\views.py changed, reloading.
INFO 2026-04-10 10:03:03,371 autoreload Watching for file changes with StatReloader
INFO 2026-04-10 10:03:20,210 autoreload C:\Users\DELL\projet_tuteure\backend\driveparc\apps\documents\views.py changed, reloading.
INFO 2026-04-10 10:03:21,889 autoreload Watching for file changes with StatReloader
INFO 2026-04-10 10:03:26,194 autoreload C:\Users\DELL\projet_tuteure\backend\driveparc\apps\documents\views.py changed, reloading.
INFO 2026-04-10 10:03:28,029 autoreload Watching for file changes with StatReloader
INFO 2026-04-10 10:03:33,176 autoreload C:\Users\DELL\projet_tuteure\backend\driveparc\apps\documents\views.py changed, reloading.
INFO 2026-04-10 10:03:35,308 autoreload Watching for file changes with StatReloader
INFO 2026-04-10 10:04:29,351 autoreload C:\Users\DELL\projet_tuteure\backend\driveparc\config\settings.py changed, reloading.
INFO 2026-04-10 10:16:15,537 autoreload Watching for file changes with StatReloader
INFO 2026-04-10 10:24:23,474 _client HTTP Request: POST https://api.anthropic.com/v1/messages "HTTP/1.1 401 Unauthorized"
WARNING 2026-04-10 10:32:57,795 log Not Found: /api/v1/maintenance/
WARNING 2026-04-10 10:32:57,828 log Not Found: /api/v1/maintenance/
INFO 2026-04-10 10:33:19,499 _client HTTP Request: POST https://api.anthropic.com/v1/messages "HTTP/1.1 401 Unauthorized"
WARNING 2026-04-10 10:40:42,529 log Not Found: /api/v1/maintenance/
WARNING 2026-04-10 10:40:42,559 log Not Found: /api/v1/maintenance/
WARNING 2026-04-10 10:49:25,231 log Bad Request: /api/v1/auth/users/create-with-vehicle/
WARNING 2026-04-10 10:51:54,026 log Bad Request: /api/v1/vehicles/6/
WARNING 2026-04-10 10:55:05,039 log Bad Request: /api/v1/vehicles/6/
INFO 2026-04-10 10:55:55,457 autoreload C:\Users\DELL\projet_tuteure\backend\driveparc\apps\vehicles\serializers.py changed, reloading.
INFO 2026-04-10 10:55:56,258 autoreload Watching for file changes with StatReloader
INFO 2026-04-10 10:57:55,003 autoreload C:\Users\DELL\projet_tuteure\backend\driveparc\apps\vehicles\views.py changed, reloading.
INFO 2026-04-10 10:57:55,655 autoreload Watching for file changes with StatReloader
INFO 2026-04-10 10:58:02,813 autoreload C:\Users\DELL\projet_tuteure\backend\driveparc\apps\vehicles\views.py changed, reloading.
INFO 2026-04-10 10:58:03,481 autoreload Watching for file changes with StatReloader
INFO 2026-04-10 10:58:09,394 autoreload C:\Users\DELL\projet_tuteure\backend\driveparc\apps\vehicles\views.py changed, reloading.
INFO 2026-04-10 10:58:10,052 autoreload Watching for file changes with StatReloader
INFO 2026-04-10 10:58:14,657 autoreload C:\Users\DELL\projet_tuteure\backend\driveparc\apps\vehicles\views.py changed, reloading.
INFO 2026-04-10 10:58:15,312 autoreload Watching for file changes with StatReloader
INFO 2026-04-10 10:58:48,983 autoreload C:\Users\DELL\projet_tuteure\backend\driveparc\apps\vehicles\serializers.py changed, reloading.
INFO 2026-04-10 10:58:49,662 autoreload Watching for file changes with StatReloader
INFO 2026-04-10 10:58:54,375 autoreload C:\Users\DELL\projet_tuteure\backend\driveparc\apps\vehicles\serializers.py changed, reloading.
INFO 2026-04-10 10:58:54,982 autoreload Watching for file changes with StatReloader
WARNING 2026-04-10 10:59:52,647 log Not Found: /api/v1/maintenance/
WARNING 2026-04-10 11:02:52,479 log Bad Request: /api/v1/vehicles/6/
WARNING 2026-04-10 11:06:25,662 log Not Found: /api/v1/maintenance/
WARNING 2026-04-10 11:06:26,982 log Not Found: /api/v1/maintenance/
WARNING 2026-04-10 11:12:19,851 log Bad Request: /api/v1/vehicles/
INFO 2026-04-10 11:13:50,283 autoreload C:\Users\DELL\projet_tuteure\backend\driveparc\apps\documents\serializers.py changed, reloading.
INFO 2026-04-10 11:13:50,942 autoreload Watching for file changes with StatReloader
INFO 2026-04-10 11:13:52,700 autoreload C:\Users\DELL\projet_tuteure\backend\driveparc\apps\documents\serializers.py changed, reloading.
INFO 2026-04-10 11:13:53,335 autoreload Watching for file changes with StatReloader
INFO 2026-04-10 11:13:59,409 autoreload C:\Users\DELL\projet_tuteure\backend\driveparc\apps\vehicles\serializers.py changed, reloading.
INFO 2026-04-10 11:14:00,057 autoreload Watching for file changes with StatReloader
WARNING 2026-04-10 11:22:55,660 log Not Found: /api/v1/vehicles/my-vehicle/
WARNING 2026-04-10 11:22:55,730 log Not Found: /api/v1/vehicles/my-vehicle/
WARNING 2026-04-10 11:23:15,603 log Not Found: /api/v1/maintenance/
WARNING 2026-04-10 11:23:15,651 log Not Found: /api/v1/maintenance/
WARNING 2026-04-10 11:26:30,206 log Bad Request: /api/v1/vehicles/
INFO 2026-04-10 11:28:37,152 autoreload C:\Users\DELL\projet_tuteure\backend\driveparc\apps\vehicles\serializers.py changed, reloading.
INFO 2026-04-10 11:28:37,821 autoreload Watching for file changes with StatReloader
WARNING 2026-04-10 11:32:17,717 log Not Found: /api/v1/maintenance/
WARNING 2026-04-10 11:32:17,801 log Not Found: /api/v1/maintenance/
WARNING 2026-04-10 11:34:04,753 log Bad Request: /api/v1/vehicles/
INFO 2026-04-10 11:37:44,861 autoreload C:\Users\DELL\projet_tuteure\backend\driveparc\core\exceptions.py changed, reloading.
INFO 2026-04-10 11:37:45,530 autoreload Watching for file changes with StatReloader
INFO 2026-04-10 11:37:57,476 autoreload Watching for file changes with StatReloader
WARNING 2026-04-10 11:38:09,447 log Not Found: /api/v1/maintenance/
WARNING 2026-04-10 11:38:09,535 log Not Found: /api/v1/maintenance/
WARNING 2026-04-10 11:39:03,244 log Not Found: /api/v1/maintenance/
WARNING 2026-04-10 11:39:26,427 log Not Found: /api/v1/vehicles/my-vehicle/
WARNING 2026-04-10 11:39:26,440 log Not Found: /api/v1/vehicles/my-vehicle/
INFO 2026-04-10 11:42:32,024 autoreload C:\Users\DELL\projet_tuteure\backend\driveparc\apps\vehicles\views.py changed, reloading.
INFO 2026-04-10 11:42:32,770 autoreload Watching for file changes with StatReloader
INFO 2026-04-10 11:42:35,391 autoreload C:\Users\DELL\projet_tuteure\backend\driveparc\apps\vehicles\views.py changed, reloading.
INFO 2026-04-10 11:42:36,040 autoreload Watching for file changes with StatReloader
INFO 2026-04-10 11:42:50,544 autoreload C:\Users\DELL\projet_tuteure\backend\driveparc\apps\vehicles\serializers.py changed, reloading.
INFO 2026-04-10 11:42:51,218 autoreload Watching for file changes with StatReloader
ERROR 2026-04-10 11:43:37,258 log Internal Server Error: /api/v1/vehicles/my-vehicle/
ERROR 2026-04-10 11:43:37,312 log Internal Server Error: /api/v1/vehicles/my-vehicle/
ERROR 2026-04-10 11:43:54,474 log Internal Server Error: /api/v1/vehicles/my-vehicle/
ERROR 2026-04-10 11:43:54,506 log Internal Server Error: /api/v1/vehicles/my-vehicle/
INFO 2026-04-10 11:44:36,368 autoreload C:\Users\DELL\projet_tuteure\backend\driveparc\apps\vehicles\views.py changed, reloading.
INFO 2026-04-10 11:44:37,062 autoreload Watching for file changes with StatReloader
INFO 2026-04-10 11:44:51,626 autoreload C:\Users\DELL\projet_tuteure\backend\driveparc\apps\vehicles\views.py changed, reloading.
INFO 2026-04-10 11:44:52,358 autoreload Watching for file changes with StatReloader
INFO 2026-04-10 11:45:02,286 autoreload C:\Users\DELL\projet_tuteure\backend\driveparc\apps\vehicles\views.py changed, reloading.
INFO 2026-04-10 11:45:02,918 autoreload Watching for file changes with StatReloader
WARNING 2026-04-10 11:45:30,148 log Not Found: /api/v1/maintenance/
WARNING 2026-04-10 11:45:30,187 log Not Found: /api/v1/maintenance/
WARNING 2026-04-10 11:46:56,623 log Not Found: /api/v1/maintenance/
WARNING 2026-04-10 11:47:31,847 log Not Found: /api/v1/maintenance/
WARNING 2026-04-10 11:47:31,953 log Not Found: /api/v1/maintenance/
WARNING 2026-04-10 11:52:28,480 log Not Found: /api/v1/maintenance/
WARNING 2026-04-10 11:52:28,589 log Not Found: /api/v1/maintenance/
WARNING 2026-04-10 14:13:53,449 log Not Found: /api/v1/trips/
WARNING 2026-04-10 14:13:53,486 log Not Found: /api/v1/routes/my-line/
INFO 2026-04-10 14:36:05,662 autoreload C:\Users\DELL\projet_tuteure\backend\driveparc\apps\vehicles\models.py changed, reloading.
INFO 2026-04-10 14:36:06,634 autoreload Watching for file changes with StatReloader
INFO 2026-04-10 14:36:24,479 autoreload C:\Users\DELL\projet_tuteure\backend\driveparc\apps\vehicles\serializers.py changed, reloading.
INFO 2026-04-10 14:36:25,215 autoreload Watching for file changes with StatReloader
INFO 2026-04-10 14:37:01,044 autoreload C:\Users\DELL\projet_tuteure\backend\driveparc\apps\vehicles\serializers.py changed, reloading.
INFO 2026-04-10 14:37:01,742 autoreload Watching for file changes with StatReloader
INFO 2026-04-10 14:37:03,677 autoreload C:\Users\DELL\projet_tuteure\backend\driveparc\apps\vehicles\serializers.py changed, reloading.
INFO 2026-04-10 14:37:04,295 autoreload Watching for file changes with StatReloader
INFO 2026-04-10 14:37:08,235 autoreload C:\Users\DELL\projet_tuteure\backend\driveparc\apps\vehicles\serializers.py changed, reloading.
INFO 2026-04-10 14:37:09,068 autoreload Watching for file changes with StatReloader
INFO 2026-04-10 14:37:48,792 autoreload C:\Users\DELL\projet_tuteure\backend\driveparc\apps\vehicles\serializers.py changed, reloading.
INFO 2026-04-10 14:37:49,795 autoreload Watching for file changes with StatReloader
INFO 2026-04-10 14:37:53,949 autoreload C:\Users\DELL\projet_tuteure\backend\driveparc\apps\vehicles\serializers.py changed, reloading.
INFO 2026-04-10 14:37:54,994 autoreload Watching for file changes with StatReloader
INFO 2026-04-10 14:37:59,164 autoreload C:\Users\DELL\projet_tuteure\backend\driveparc\apps\vehicles\serializers.py changed, reloading.
INFO 2026-04-10 14:38:00,222 autoreload Watching for file changes with StatReloader
INFO 2026-04-10 14:38:03,364 autoreload C:\Users\DELL\projet_tuteure\backend\driveparc\apps\vehicles\serializers.py changed, reloading.
INFO 2026-04-10 14:38:04,187 autoreload Watching for file changes with StatReloader
INFO 2026-04-10 14:38:05,917 autoreload C:\Users\DELL\projet_tuteure\backend\driveparc\apps\vehicles\serializers.py changed, reloading.
INFO 2026-04-10 14:38:06,621 autoreload Watching for file changes with StatReloader
INFO 2026-04-10 14:40:10,712 autoreload Watching for file changes with StatReloader
INFO 2026-04-10 14:41:16,515 autoreload C:\Users\DELL\projet_tuteure\backend\driveparc\apps\vehicles\views.py changed, reloading.
INFO 2026-04-10 14:41:17,222 autoreload Watching for file changes with StatReloader
INFO 2026-04-10 14:41:32,895 autoreload C:\Users\DELL\projet_tuteure\backend\driveparc\apps\vehicles\views.py changed, reloading.
INFO 2026-04-10 14:41:33,656 autoreload Watching for file changes with StatReloader
WARNING 2026-04-11 06:18:29,782 log Not Found: /api/v1/trips/
WARNING 2026-04-11 06:18:29,812 log Not Found: /api/v1/routes/my-line/
WARNING 2026-04-11 06:18:29,943 log Not Found: /api/v1/trips/
WARNING 2026-04-11 06:18:29,995 log Not Found: /api/v1/routes/my-line/
WARNING 2026-04-11 06:18:45,616 log Not Found: /api/v1/bus-routes/
WARNING 2026-04-11 06:18:45,636 log Not Found: /api/v1/bus-routes/
WARNING 2026-04-11 06:18:55,206 log Not Found: /api/v1/bus-routes/
WARNING 2026-04-11 06:18:55,281 log Not Found: /api/v1/bus-routes/
WARNING 2026-04-11 06:20:34,607 log Not Found: /api/v1/maintenance/
WARNING 2026-04-11 06:20:34,672 log Not Found: /api/v1/maintenance/
WARNING 2026-04-11 06:23:58,060 log Not Found: /api/v1/bus-routes/
WARNING 2026-04-11 06:23:58,094 log Not Found: /api/v1/maintenance/
WARNING 2026-04-11 06:24:18,570 log Not Found: /api/v1/trips/
WARNING 2026-04-11 06:24:18,628 log Not Found: /api/v1/routes/my-line/
WARNING 2026-04-11 06:24:18,668 log Not Found: /api/v1/trips/
WARNING 2026-04-11 06:24:18,690 log Not Found: /api/v1/routes/my-line/
WARNING 2026-04-11 06:24:20,120 log Not Found: /api/v1/bus-routes/
WARNING 2026-04-11 06:24:20,202 log Not Found: /api/v1/bus-routes/
WARNING 2026-04-11 06:24:37,564 log Not Found: /api/v1/maintenance/
WARNING 2026-04-11 06:24:37,652 log Not Found: /api/v1/maintenance/
WARNING 2026-04-11 06:41:07,945 log Not Found: /api/v1/bus-routes/
WARNING 2026-04-11 06:41:08,038 log Not Found: /api/v1/maintenance/
WARNING 2026-04-11 06:42:12,652 log Not Found: /api/v1/bus-routes/
WARNING 2026-04-11 06:42:12,753 log Not Found: /api/v1/maintenance/
INFO 2026-04-11 06:46:07,486 autoreload C:\Users\DELL\projet_tuteure\backend\driveparc\apps\vehicles\models.py changed, reloading.
INFO 2026-04-11 06:46:09,661 autoreload Watching for file changes with StatReloader
INFO 2026-04-11 06:48:28,143 autoreload C:\Users\DELL\projet_tuteure\backend\driveparc\apps\vehicles\serializers.py changed, reloading.
INFO 2026-04-11 06:48:30,062 autoreload Watching for file changes with StatReloader
INFO 2026-04-11 06:51:00,108 autoreload C:\Users\DELL\projet_tuteure\backend\driveparc\apps\vehicles\views.py changed, reloading.
INFO 2026-04-11 06:51:02,238 autoreload Watching for file changes with StatReloader
WARNING 2026-04-11 06:52:14,004 log Not Found: /api/v1/bus-routes/
WARNING 2026-04-11 06:52:14,155 log Not Found: /api/v1/maintenance/
WARNING 2026-04-11 06:53:05,578 log Not Found: /api/v1/bus-routes/
WARNING 2026-04-11 06:53:05,629 log Not Found: /api/v1/maintenance/
WARNING 2026-04-11 06:59:46,368 log Method Not Allowed: /api/v1/vehicles/bus-routes/
WARNING 2026-04-11 06:59:46,496 log Not Found: /api/v1/maintenance/
WARNING 2026-04-11 07:00:43,520 log Method Not Allowed: /api/v1/vehicles/bus-routes/
WARNING 2026-04-11 07:00:43,567 log Not Found: /api/v1/maintenance/
INFO 2026-04-11 07:02:35,121 autoreload C:\Users\DELL\projet_tuteure\backend\driveparc\apps\vehicles\views.py changed, reloading.
INFO 2026-04-11 07:02:37,241 autoreload Watching for file changes with StatReloader
WARNING 2026-04-11 07:03:08,633 log Method Not Allowed: /api/v1/vehicles/bus-routes/
WARNING 2026-04-11 07:03:08,752 log Not Found: /api/v1/maintenance/
WARNING 2026-04-11 07:06:28,288 log Unauthorized: /api/v1/vehicles/bus-routes/
WARNING 2026-04-11 07:08:30,486 log Unauthorized: /api/v1/vehicles/bus-routes/
INFO 2026-04-11 07:09:21,703 autoreload C:\Users\DELL\projet_tuteure\backend\driveparc\apps\vehicles\serializers.py changed, reloading.
INFO 2026-04-11 07:09:23,750 autoreload Watching for file changes with StatReloader
WARNING 2026-04-11 07:10:01,883 log Method Not Allowed: /api/v1/vehicles/bus-routes/
WARNING 2026-04-11 07:10:02,018 log Not Found: /api/v1/maintenance/
INFO 2026-04-11 07:14:05,275 autoreload C:\Users\DELL\projet_tuteure\backend\driveparc\apps\vehicles\urls.py changed, reloading.
INFO 2026-04-11 07:14:07,341 autoreload Watching for file changes with StatReloader
WARNING 2026-04-11 07:14:30,034 log Not Found: /api/v1/maintenance/
WARNING 2026-04-11 07:14:30,310 log Not Found: /api/v1/maintenance/
WARNING 2026-04-11 07:14:53,456 log Not Found: /api/v1/maintenance/
WARNING 2026-04-11 07:15:59,652 log Bad Request: /api/v1/vehicles/bus-routes/
WARNING 2026-04-11 07:15:59,693 log Not Found: /api/v1/maintenance/
WARNING 2026-04-11 07:18:19,808 log Not Found: /api/v1/trips/
WARNING 2026-04-11 07:18:19,840 log Not Found: /api/v1/routes/my-line/
WARNING 2026-04-11 07:18:19,943 log Not Found: /api/v1/trips/
WARNING 2026-04-11 07:18:19,965 log Not Found: /api/v1/routes/my-line/
WARNING 2026-04-11 07:18:27,430 log Not Found: /api/v1/bus-routes/
WARNING 2026-04-11 07:18:27,528 log Not Found: /api/v1/bus-routes/
WARNING 2026-04-11 07:18:51,244 log Not Found: /api/v1/maintenance/
WARNING 2026-04-11 07:18:51,319 log Not Found: /api/v1/maintenance/
WARNING 2026-04-11 07:19:26,895 log Not Found: /api/v1/maintenance/
WARNING 2026-04-11 07:19:36,905 log Not Found: /api/v1/routes/my-line/
WARNING 2026-04-11 07:19:36,913 log Not Found: /api/v1/trips/
WARNING 2026-04-11 07:19:37,021 log Not Found: /api/v1/routes/my-line/
WARNING 2026-04-11 07:19:37,093 log Not Found: /api/v1/trips/
WARNING 2026-04-11 07:19:38,978 log Not Found: /api/v1/bus-routes/
WARNING 2026-04-11 07:19:39,035 log Not Found: /api/v1/bus-routes/
INFO 2026-04-11 07:32:40,609 autoreload C:\Users\DELL\projet_tuteure\backend\driveparc\apps\vehicles\models.py changed, reloading.
INFO 2026-04-11 07:32:42,762 autoreload Watching for file changes with StatReloader
INFO 2026-04-11 07:33:17,946 autoreload C:\Users\DELL\projet_tuteure\backend\driveparc\apps\vehicles\views.py changed, reloading.
INFO 2026-04-11 07:33:19,612 autoreload Watching for file changes with StatReloader
INFO 2026-04-11 07:33:24,577 autoreload C:\Users\DELL\projet_tuteure\backend\driveparc\apps\vehicles\views.py changed, reloading.
INFO 2026-04-11 07:33:26,567 autoreload Watching for file changes with StatReloader
WARNING 2026-04-11 07:35:35,332 log Not Found: /api/v1/vehicles/bus-routes/undefined/pointer/
WARNING 2026-04-11 09:02:25,642 log Not Found: /api/v1/trips/
WARNING 2026-04-11 09:02:25,649 log Not Found: /api/v1/routes/my-line/
WARNING 2026-04-11 09:02:25,681 log Not Found: /api/v1/trips/
WARNING 2026-04-11 09:02:25,692 log Not Found: /api/v1/routes/my-line/
INFO 2026-04-11 09:13:48,323 autoreload C:\Users\DELL\projet_tuteure\backend\driveparc\apps\reservations\views.py changed, reloading.
INFO 2026-04-11 09:13:50,541 autoreload Watching for file changes with StatReloader
INFO 2026-04-11 09:13:55,431 autoreload C:\Users\DELL\projet_tuteure\backend\driveparc\apps\reservations\views.py changed, reloading.
INFO 2026-04-11 09:13:56,941 autoreload Watching for file changes with StatReloader
WARNING 2026-04-11 09:14:19,658 log Not Found: /api/v1/trips/
WARNING 2026-04-11 09:14:19,709 log Not Found: /api/v1/routes/my-line/
WARNING 2026-04-11 09:14:19,760 log Not Found: /api/v1/trips/
WARNING 2026-04-11 09:14:19,806 log Not Found: /api/v1/routes/my-line/
WARNING 2026-04-11 10:11:49,284 log Not Found: /api/v1/trips/
WARNING 2026-04-11 10:11:49,389 log Not Found: /api/v1/trips/
WARNING 2026-04-11 10:42:13,743 log Not Found: /api/v1/pointages/today/
WARNING 2026-04-11 10:42:13,835 log Not Found: /api/v1/pointages/semaine/
INFO 2026-04-11 10:43:06,799 autoreload C:\Users\DELL\projet_tuteure\backend\driveparc\apps\reservations\models.py changed, reloading.
INFO 2026-04-11 10:43:09,172 autoreload Watching for file changes with StatReloader
INFO 2026-04-11 10:46:34,769 autoreload C:\Users\DELL\projet_tuteure\backend\driveparc\apps\reservations\serializers.py changed, reloading.
INFO 2026-04-11 10:46:36,484 autoreload Watching for file changes with StatReloader
INFO 2026-04-11 10:50:56,924 autoreload C:\Users\DELL\projet_tuteure\backend\driveparc\apps\reservations\models.py changed, reloading.
INFO 2026-04-11 10:50:58,336 autoreload Watching for file changes with StatReloader
INFO 2026-04-11 10:51:12,803 autoreload C:\Users\DELL\projet_tuteure\backend\driveparc\apps\reservations\models.py changed, reloading.
INFO 2026-04-11 10:51:14,516 autoreload Watching for file changes with StatReloader
INFO 2026-04-11 10:53:33,854 autoreload C:\Users\DELL\projet_tuteure\backend\driveparc\apps\reservations\models.py changed, reloading.
INFO 2026-04-11 10:53:36,117 autoreload Watching for file changes with StatReloader
INFO 2026-04-11 10:53:39,108 autoreload C:\Users\DELL\projet_tuteure\backend\driveparc\apps\reservations\models.py changed, reloading.
INFO 2026-04-11 10:53:40,287 autoreload Watching for file changes with StatReloader
INFO 2026-04-11 10:54:04,041 autoreload C:\Users\DELL\projet_tuteure\backend\driveparc\apps\reservations\models.py changed, reloading.
INFO 2026-04-11 10:54:06,031 autoreload Watching for file changes with StatReloader
INFO 2026-04-11 10:54:40,182 autoreload C:\Users\DELL\projet_tuteure\backend\driveparc\apps\reservations\models.py changed, reloading.
INFO 2026-04-11 10:54:41,809 autoreload Watching for file changes with StatReloader
INFO 2026-04-11 11:38:38,613 autoreload C:\Users\DELL\projet_tuteure\backend\driveparc\apps\reservations\models.py changed, reloading.
INFO 2026-04-11 11:38:40,765 autoreload Watching for file changes with StatReloader
INFO 2026-04-11 11:39:03,919 autoreload C:\Users\DELL\projet_tuteure\backend\driveparc\apps\reservations\models.py changed, reloading.
INFO 2026-04-11 11:39:05,476 autoreload Watching for file changes with StatReloader
INFO 2026-04-11 11:39:16,835 autoreload C:\Users\DELL\projet_tuteure\backend\driveparc\apps\reservations\models.py changed, reloading.
INFO 2026-04-11 11:39:18,630 autoreload Watching for file changes with StatReloader
INFO 2026-04-11 11:39:20,596 autoreload C:\Users\DELL\projet_tuteure\backend\driveparc\apps\reservations\models.py changed, reloading.
INFO 2026-04-11 11:39:22,215 autoreload Watching for file changes with StatReloader
INFO 2026-04-11 11:39:30,891 autoreload C:\Users\DELL\projet_tuteure\backend\driveparc\apps\reservations\models.py changed, reloading.
INFO 2026-04-11 11:39:32,640 autoreload Watching for file changes with StatReloader
INFO 2026-04-11 11:39:35,311 autoreload C:\Users\DELL\projet_tuteure\backend\driveparc\apps\reservations\models.py changed, reloading.
INFO 2026-04-11 11:39:37,137 autoreload Watching for file changes with StatReloader
INFO 2026-04-11 11:39:39,923 autoreload C:\Users\DELL\projet_tuteure\backend\driveparc\apps\reservations\models.py changed, reloading.
INFO 2026-04-11 11:39:41,478 autoreload Watching for file changes with StatReloader
INFO 2026-04-11 11:40:14,021 autoreload C:\Users\DELL\projet_tuteure\backend\driveparc\apps\reservations\models.py changed, reloading.
INFO 2026-04-11 11:40:15,846 autoreload Watching for file changes with StatReloader
INFO 2026-04-11 11:40:32,870 autoreload Watching for file changes with StatReloader
INFO 2026-04-11 11:41:09,697 autoreload C:\Users\DELL\projet_tuteure\backend\driveparc\apps\reservations\serializers.py changed, reloading.
INFO 2026-04-11 11:41:11,467 autoreload Watching for file changes with StatReloader
WARNING 2026-04-11 11:41:29,866 log Not Found: /api/v1/trips/
WARNING 2026-04-11 11:41:29,971 log Not Found: /api/v1/trips/
WARNING 2026-04-11 11:41:32,495 log Not Found: /api/v1/pointages/today/
WARNING 2026-04-11 11:41:32,533 log Not Found: /api/v1/pointages/semaine/
WARNING 2026-04-11 11:41:32,542 log Not Found: /api/v1/pointages/today/
WARNING 2026-04-11 11:41:32,576 log Not Found: /api/v1/pointages/semaine/
INFO 2026-04-11 11:50:26,375 autoreload C:\Users\DELL\projet_tuteure\backend\driveparc\apps\reservations\models.py changed, reloading.
INFO 2026-04-11 11:50:28,617 autoreload Watching for file changes with StatReloader
INFO 2026-04-11 11:51:12,845 autoreload C:\Users\DELL\projet_tuteure\backend\driveparc\apps\reservations\views.py changed, reloading.
INFO 2026-04-11 11:51:15,133 autoreload Watching for file changes with StatReloader
WARNING 2026-04-11 11:51:55,659 log Not Found: /api/v1/pointages/today/
WARNING 2026-04-11 11:51:55,683 log Not Found: /api/v1/pointages/semaine/
ERROR 2026-04-11 11:51:55,770 log Internal Server Error: /api/v1/reservations/
ERROR 2026-04-11 11:51:55,809 log Internal Server Error: /api/v1/reservations/
WARNING 2026-04-11 11:54:00,977 log Not Found: /api/v1/pointages/
INFO 2026-04-11 11:58:44,469 autoreload C:\Users\DELL\projet_tuteure\backend\driveparc\apps\vehicles\models.py changed, reloading.
INFO 2026-04-11 11:58:46,324 autoreload Watching for file changes with StatReloader
INFO 2026-04-11 11:58:49,162 autoreload C:\Users\DELL\projet_tuteure\backend\driveparc\apps\vehicles\models.py changed, reloading.
INFO 2026-04-11 11:58:50,588 autoreload Watching for file changes with StatReloader
INFO 2026-04-11 11:58:59,119 autoreload C:\Users\DELL\projet_tuteure\backend\driveparc\apps\reservations\models.py changed, reloading.
INFO 2026-04-11 11:59:00,630 autoreload Watching for file changes with StatReloader
INFO 2026-04-11 11:59:04,715 autoreload C:\Users\DELL\projet_tuteure\backend\driveparc\apps\reservations\models.py changed, reloading.
INFO 2026-04-11 11:59:06,225 autoreload Watching for file changes with StatReloader
INFO 2026-04-11 11:59:09,078 autoreload C:\Users\DELL\projet_tuteure\backend\driveparc\apps\reservations\models.py changed, reloading.
INFO 2026-04-11 11:59:10,666 autoreload Watching for file changes with StatReloader
INFO 2026-04-11 11:59:14,006 autoreload C:\Users\DELL\projet_tuteure\backend\driveparc\apps\reservations\serializers.py changed, reloading.
INFO 2026-04-11 11:59:16,187 autoreload Watching for file changes with StatReloader
INFO 2026-04-11 12:00:07,146 autoreload C:\Users\DELL\projet_tuteure\backend\driveparc\apps\reservations\views.py changed, reloading.
INFO 2026-04-11 12:00:09,017 autoreload Watching for file changes with StatReloader
INFO 2026-04-11 12:00:12,276 autoreload C:\Users\DELL\projet_tuteure\backend\driveparc\apps\reservations\views.py changed, reloading.
INFO 2026-04-11 12:00:14,131 autoreload Watching for file changes with StatReloader
INFO 2026-04-11 12:00:19,281 autoreload C:\Users\DELL\projet_tuteure\backend\driveparc\apps\reservations\views.py changed, reloading.
INFO 2026-04-11 12:00:20,811 autoreload Watching for file changes with StatReloader
INFO 2026-04-11 12:00:24,339 autoreload C:\Users\DELL\projet_tuteure\backend\driveparc\apps\reservations\views.py changed, reloading.
INFO 2026-04-11 12:00:26,219 autoreload Watching for file changes with StatReloader
INFO 2026-04-11 12:00:32,728 autoreload C:\Users\DELL\projet_tuteure\backend\driveparc\apps\reservations\views.py changed, reloading.
INFO 2026-04-11 12:00:34,859 autoreload Watching for file changes with StatReloader
INFO 2026-04-11 12:03:22,058 autoreload C:\Users\DELL\projet_tuteure\backend\driveparc\apps\reservations\models.py changed, reloading.
INFO 2026-04-11 12:03:23,859 autoreload Watching for file changes with StatReloader
INFO 2026-04-11 12:03:43,078 autoreload C:\Users\DELL\projet_tuteure\backend\driveparc\apps\reservations\serializers.py changed, reloading.
INFO 2026-04-11 12:03:45,325 autoreload Watching for file changes with StatReloader
INFO 2026-04-11 12:03:59,644 autoreload C:\Users\DELL\projet_tuteure\backend\driveparc\apps\reservations\views.py changed, reloading.
INFO 2026-04-11 12:04:02,025 autoreload Watching for file changes with StatReloader
WARNING 2026-04-11 12:04:41,685 log Not Found: /api/v1/pointages/
WARNING 2026-04-11 12:04:44,855 log Not Found: /api/v1/pointages/
WARNING 2026-04-11 12:04:50,340 log Not Found: /api/v1/pointages/
WARNING 2026-04-11 12:04:51,662 log Not Found: /api/v1/pointages/
WARNING 2026-04-11 12:04:52,427 log Not Found: /api/v1/pointages/
INFO 2026-04-11 12:07:16,146 autoreload C:\Users\DELL\projet_tuteure\backend\driveparc\config\urls.py changed, reloading.
INFO 2026-04-11 12:07:18,120 autoreload Watching for file changes with StatReloader
INFO 2026-04-11 12:07:54,119 autoreload C:\Users\DELL\projet_tuteure\backend\driveparc\apps\reservations\urls.py changed, reloading.
INFO 2026-04-11 12:07:56,054 autoreload Watching for file changes with StatReloader
INFO 2026-04-11 12:09:15,276 autoreload Watching for file changes with StatReloader
WARNING 2026-04-11 12:18:03,257 log Not Found: /api/v1/trips/
WARNING 2026-04-11 12:18:03,320 log Not Found: /api/v1/trips/
WARNING 2026-04-11 12:46:41,579 log Not Found: /api/v1/reservations/5/complete/
INFO 2026-04-11 12:49:27,995 autoreload C:\Users\DELL\projet_tuteure\backend\driveparc\apps\reservations\views.py changed, reloading.
INFO 2026-04-11 12:49:30,741 autoreload Watching for file changes with StatReloader
INFO 2026-04-11 12:49:34,107 autoreload C:\Users\DELL\projet_tuteure\backend\driveparc\apps\reservations\views.py changed, reloading.
INFO 2026-04-11 12:49:35,523 autoreload Watching for file changes with StatReloader
WARNING 2026-04-11 13:47:06,546 log Unauthorized: /api/v1/reservations/
WARNING 2026-04-11 13:47:06,566 log Unauthorized: /api/v1/reservations/
WARNING 2026-04-11 13:48:11,250 log Not Found: /api/v1/trips/
WARNING 2026-04-11 13:48:11,260 log Unauthorized: /api/v1/reservations/
WARNING 2026-04-11 13:50:31,385 log Unauthorized: /api/v1/reservations/
WARNING 2026-04-11 13:50:31,392 log Unauthorized: /api/v1/reservations/
WARNING 2026-04-11 13:54:42,206 log Unauthorized: /api/v1/reservations/
WARNING 2026-04-11 14:03:19,534 log Unauthorized: /api/v1/reservations/
WARNING 2026-04-11 14:03:19,537 log Unauthorized: /api/v1/reservations/
WARNING 2026-04-11 14:14:49,991 log Not Found: /api/v1/trips/
WARNING 2026-04-11 14:14:50,077 log Unauthorized: /api/v1/reservations/
WARNING 2026-04-11 14:14:50,104 log Unauthorized: /api/v1/reservations/
WARNING 2026-04-11 14:44:29,222 log Unauthorized: /api/v1/reservations/
WARNING 2026-04-11 14:44:29,228 log Unauthorized: /api/v1/reservations/
WARNING 2026-04-11 14:45:29,739 log Unauthorized: /api/v1/auth/profile/
WARNING 2026-04-11 14:45:29,774 log Unauthorized: /api/v1/auth/profile/
WARNING 2026-04-11 14:45:29,775 log Unauthorized: /api/v1/pointages/today/
WARNING 2026-04-11 14:45:29,834 log Unauthorized: /api/v1/pointages/today/
WARNING 2026-04-11 14:45:29,840 log Unauthorized: /api/v1/pointages/semaine/
WARNING 2026-04-11 14:45:29,877 log Unauthorized: /api/v1/pointages/semaine/
WARNING 2026-04-11 14:45:29,879 log Unauthorized: /api/v1/reservations/
WARNING 2026-04-11 14:45:29,906 log Unauthorized: /api/v1/reservations/
WARNING 2026-04-11 14:45:29,908 log Unauthorized: /api/v1/reservations/
WARNING 2026-04-11 14:45:29,920 log Unauthorized: /api/v1/reservations/
WARNING 2026-04-11 14:45:31,299 log Unauthorized: /api/v1/reservations/
WARNING 2026-04-11 14:45:31,302 log Unauthorized: /api/v1/reservations/
WARNING 2026-04-11 14:45:31,320 log Unauthorized: /api/v1/reservations/
WARNING 2026-04-11 14:45:31,322 log Unauthorized: /api/v1/reservations/
WARNING 2026-04-11 14:46:13,863 log Not Found: /api/v1/trips/
WARNING 2026-04-11 14:46:13,886 log Unauthorized: /api/v1/reservations/
WARNING 2026-04-11 14:46:13,889 log Unauthorized: /api/v1/reservations/
WARNING 2026-04-12 04:30:09,556 log Not Found: /api/v1/trips/
WARNING 2026-04-12 04:30:09,605 log Not Found: /api/v1/trips/
WARNING 2026-04-12 04:58:23,813 log Not Found: /api/v1/trips/
WARNING 2026-04-12 04:58:24,120 log Not Found: /api/v1/trips/
WARNING 2026-04-12 05:06:00,698 log Not Found: /api/v1/maintenance/
WARNING 2026-04-12 05:06:00,794 log Not Found: /api/v1/maintenance/
WARNING 2026-04-12 05:06:20,721 log Not Found: /api/v1/maintenance/
WARNING 2026-04-12 05:06:30,939 log Not Found: /api/v1/trips/
WARNING 2026-04-12 05:06:31,061 log Not Found: /api/v1/trips/
WARNING 2026-04-12 05:07:53,047 log Not Found: /api/v1/trips/
WARNING 2026-04-12 05:32:31,328 log Not Found: /api/v1/trips/
WARNING 2026-04-12 05:32:31,443 log Not Found: /api/v1/trips/
WARNING 2026-04-12 05:33:55,242 log Not Found: /api/v1/trips/
WARNING 2026-04-12 05:33:55,406 log Not Found: /api/v1/trips/
INFO 2026-04-12 08:56:53,497 autoreload C:\Users\DELL\projet_tuteure\backend\driveparc\apps\fuel\models.py changed, reloading.
INFO 2026-04-12 08:56:54,413 autoreload Watching for file changes with StatReloader
INFO 2026-04-12 08:57:14,407 autoreload C:\Users\DELL\projet_tuteure\backend\driveparc\apps\fuel\views.py changed, reloading.
INFO 2026-04-12 08:57:15,199 autoreload Watching for file changes with StatReloader
INFO 2026-04-12 08:57:26,559 autoreload C:\Users\DELL\projet_tuteure\backend\driveparc\apps\fuel\serializers.py changed, reloading.
INFO 2026-04-12 08:57:27,917 autoreload Watching for file changes with StatReloader
INFO 2026-04-12 08:57:40,959 autoreload C:\Users\DELL\projet_tuteure\backend\driveparc\apps\fuel\urls.py changed, reloading.
INFO 2026-04-12 08:57:41,723 autoreload Watching for file changes with StatReloader
WARNING 2026-04-12 08:59:20,392 log Not Found: /api/v1/trips/
WARNING 2026-04-12 08:59:20,477 log Not Found: /api/v1/trips/
WARNING 2026-04-12 09:15:46,872 log Not Found: /api/v1/trips/
WARNING 2026-04-12 09:15:47,091 log Not Found: /api/v1/trips/
ERROR 2026-04-12 09:15:57,295 log Internal Server Error: /api/v1/fuel/cards/my-card/
ERROR 2026-04-12 09:15:57,347 log Internal Server Error: /api/v1/fuel/cards/my-card/
ERROR 2026-04-12 09:16:42,586 log Internal Server Error: /api/v1/fuel/cards/my-card/
ERROR 2026-04-12 09:16:42,716 log Internal Server Error: /api/v1/fuel/cards/my-card/
WARNING 2026-04-12 09:16:55,006 log Not Found: /api/v1/maintenance/
WARNING 2026-04-12 09:16:55,096 log Not Found: /api/v1/maintenance/
WARNING 2026-04-12 09:20:50,190 log Not Found: /api/v1/maintenance/
WARNING 2026-04-12 09:21:52,116 log Not Found: /api/v1/maintenance/
WARNING 2026-04-12 09:30:58,529 log Not Found: /api/v1/maintenance/
ERROR 2026-04-12 09:31:03,435 log Internal Server Error: /api/v1/fuel/cards/
ERROR 2026-04-12 09:31:03,443 log Internal Server Error: /api/v1/fuel/transactions/
ERROR 2026-04-12 09:31:03,445 log Internal Server Error: /api/v1/fuel/cards/dashboard/
ERROR 2026-04-12 09:31:03,502 log Internal Server Error: /api/v1/fuel/cards/
ERROR 2026-04-12 09:31:03,544 log Internal Server Error: /api/v1/fuel/cards/dashboard/
ERROR 2026-04-12 09:31:03,546 log Internal Server Error: /api/v1/fuel/transactions/
WARNING 2026-04-12 09:31:59,845 log Not Found: /api/v1/maintenance/
ERROR 2026-04-12 09:32:00,079 log Internal Server Error: /api/v1/fuel/cards/dashboard/
ERROR 2026-04-12 09:32:00,082 log Internal Server Error: /api/v1/fuel/transactions/
ERROR 2026-04-12 09:32:00,087 log Internal Server Error: /api/v1/fuel/cards/
ERROR 2026-04-12 09:32:00,128 log Internal Server Error: /api/v1/fuel/cards/dashboard/
ERROR 2026-04-12 09:32:00,132 log Internal Server Error: /api/v1/fuel/cards/
ERROR 2026-04-12 09:32:00,138 log Internal Server Error: /api/v1/fuel/transactions/
ERROR 2026-04-12 09:32:13,962 log Internal Server Error: /api/v1/fuel/cards/
ERROR 2026-04-12 09:32:13,969 log Internal Server Error: /api/v1/fuel/cards/dashboard/
ERROR 2026-04-12 09:32:13,972 log Internal Server Error: /api/v1/fuel/transactions/
ERROR 2026-04-12 09:32:15,368 log Internal Server Error: /api/v1/fuel/cards/dashboard/
ERROR 2026-04-12 09:32:15,370 log Internal Server Error: /api/v1/fuel/cards/
ERROR 2026-04-12 09:32:15,378 log Internal Server Error: /api/v1/fuel/transactions/
INFO 2026-04-12 09:37:01,385 autoreload Watching for file changes with StatReloader
WARNING 2026-04-12 09:37:28,604 log Not Found: /api/v1/maintenance/
WARNING 2026-04-12 09:37:28,662 log Not Found: /api/v1/maintenance/
ERROR 2026-04-12 09:37:32,878 log Internal Server Error: /api/v1/fuel/cards/dashboard/
ERROR 2026-04-12 09:37:32,894 log Internal Server Error: /api/v1/fuel/cards/
ERROR 2026-04-12 09:37:32,902 log Internal Server Error: /api/v1/fuel/transactions/
ERROR 2026-04-12 09:37:32,956 log Internal Server Error: /api/v1/fuel/cards/dashboard/
ERROR 2026-04-12 09:37:32,989 log Internal Server Error: /api/v1/fuel/cards/
ERROR 2026-04-12 09:37:32,993 log Internal Server Error: /api/v1/fuel/transactions/
INFO 2026-04-12 21:02:51,055 autoreload Watching for file changes with StatReloader
INFO 2026-04-12 21:04:30,476 autoreload Watching for file changes with StatReloader
WARNING 2026-04-12 21:04:39,913 log Not Found: /api/v1/maintenance/
WARNING 2026-04-12 21:04:40,015 log Not Found: /api/v1/maintenance/
ERROR 2026-04-12 21:04:43,019 log Internal Server Error: /api/v1/fuel/cards/dashboard/
ERROR 2026-04-12 21:04:43,030 log Internal Server Error: /api/v1/fuel/transactions/
ERROR 2026-04-12 21:04:43,117 log Internal Server Error: /api/v1/fuel/cards/dashboard/
ERROR 2026-04-12 21:04:43,136 log Internal Server Error: /api/v1/fuel/transactions/
INFO 2026-04-12 21:13:07,414 autoreload C:\Users\DELL\projet_tuteure\backend\driveparc\apps\fuel\migrations\0001_initial.py changed, reloading.
INFO 2026-04-12 21:13:09,188 autoreload Watching for file changes with StatReloader
INFO 2026-04-12 21:16:01,588 autoreload C:\Users\DELL\projet_tuteure\backend\driveparc\apps\fuel\migrations\0001_initial.py changed, reloading.
INFO 2026-04-12 21:16:03,525 autoreload Watching for file changes with StatReloader
WARNING 2026-04-12 21:30:44,819 log Not Found: /api/v1/trips/
WARNING 2026-04-12 21:30:44,939 log Not Found: /api/v1/trips/
ERROR 2026-04-12 21:30:47,042 log Internal Server Error: /api/v1/fuel/cards/my-card/
ERROR 2026-04-12 21:30:47,188 log Internal Server Error: /api/v1/fuel/cards/my-card/
ERROR 2026-04-12 21:30:59,413 log Internal Server Error: /api/v1/fuel/cards/my-card/
ERROR 2026-04-12 21:30:59,461 log Internal Server Error: /api/v1/fuel/cards/my-card/
INFO 2026-04-12 21:34:20,813 autoreload C:\Users\DELL\projet_tuteure\backend\driveparc\apps\fuel\views.py changed, reloading.
INFO 2026-04-12 21:34:22,846 autoreload Watching for file changes with StatReloader
INFO 2026-04-12 21:34:25,054 autoreload C:\Users\DELL\projet_tuteure\backend\driveparc\apps\fuel\views.py changed, reloading.
INFO 2026-04-12 21:34:26,846 autoreload Watching for file changes with StatReloader
INFO 2026-04-12 21:34:30,931 autoreload C:\Users\DELL\projet_tuteure\backend\driveparc\apps\fuel\views.py changed, reloading.
INFO 2026-04-12 21:34:32,523 autoreload Watching for file changes with StatReloader
INFO 2026-04-12 21:34:37,120 autoreload C:\Users\DELL\projet_tuteure\backend\driveparc\apps\fuel\views.py changed, reloading.
INFO 2026-04-12 21:34:38,656 autoreload Watching for file changes with StatReloader
INFO 2026-04-12 21:34:58,397 autoreload C:\Users\DELL\projet_tuteure\backend\driveparc\apps\fuel\views.py changed, reloading.
INFO 2026-04-12 21:35:00,283 autoreload Watching for file changes with StatReloader
INFO 2026-04-12 21:35:04,887 autoreload C:\Users\DELL\projet_tuteure\backend\driveparc\apps\fuel\views.py changed, reloading.
INFO 2026-04-12 21:35:06,631 autoreload Watching for file changes with StatReloader
INFO 2026-04-12 21:35:16,495 autoreload C:\Users\DELL\projet_tuteure\backend\driveparc\apps\fuel\views.py changed, reloading.
INFO 2026-04-12 21:35:18,244 autoreload Watching for file changes with StatReloader
INFO 2026-04-12 21:35:28,107 autoreload C:\Users\DELL\projet_tuteure\backend\driveparc\apps\fuel\views.py changed, reloading.
INFO 2026-04-12 21:35:30,321 autoreload Watching for file changes with StatReloader
INFO 2026-04-12 21:35:34,920 autoreload C:\Users\DELL\projet_tuteure\backend\driveparc\apps\fuel\views.py changed, reloading.
INFO 2026-04-12 21:35:36,932 autoreload Watching for file changes with StatReloader
INFO 2026-04-12 21:35:52,230 autoreload C:\Users\DELL\projet_tuteure\backend\driveparc\apps\fuel\views.py changed, reloading.
INFO 2026-04-12 21:35:53,881 autoreload Watching for file changes with StatReloader
INFO 2026-04-12 21:35:59,700 autoreload C:\Users\DELL\projet_tuteure\backend\driveparc\apps\fuel\views.py changed, reloading.
INFO 2026-04-12 21:36:01,210 autoreload Watching for file changes with StatReloader
INFO 2026-04-12 21:36:18,151 autoreload C:\Users\DELL\projet_tuteure\backend\driveparc\apps\fuel\views.py changed, reloading.
INFO 2026-04-12 21:36:20,223 autoreload Watching for file changes with StatReloader
INFO 2026-04-12 21:36:52,801 autoreload C:\Users\DELL\projet_tuteure\backend\driveparc\apps\fuel\views.py changed, reloading.
INFO 2026-04-12 21:36:54,787 autoreload Watching for file changes with StatReloader
INFO 2026-04-12 21:36:59,575 autoreload C:\Users\DELL\projet_tuteure\backend\driveparc\apps\fuel\views.py changed, reloading.
INFO 2026-04-12 21:37:01,367 autoreload Watching for file changes with StatReloader
INFO 2026-04-12 21:37:36,467 autoreload C:\Users\DELL\projet_tuteure\backend\driveparc\apps\fuel\views.py changed, reloading.
INFO 2026-04-12 21:37:38,392 autoreload Watching for file changes with StatReloader
INFO 2026-04-12 21:37:44,122 autoreload C:\Users\DELL\projet_tuteure\backend\driveparc\apps\fuel\views.py changed, reloading.
INFO 2026-04-12 21:37:45,916 autoreload Watching for file changes with StatReloader
WARNING 2026-04-12 21:39:01,695 log Bad Request: /api/v1/fuel/transactions/
WARNING 2026-04-12 21:39:14,878 log Bad Request: /api/v1/fuel/transactions/
INFO 2026-04-12 21:41:50,577 autoreload C:\Users\DELL\projet_tuteure\backend\driveparc\apps\fuel\serializers.py changed, reloading.
INFO 2026-04-12 21:41:52,856 autoreload Watching for file changes with StatReloader
INFO 2026-04-12 21:42:52,779 autoreload C:\Users\DELL\projet_tuteure\backend\driveparc\apps\fuel\models.py changed, reloading.
INFO 2026-04-12 21:42:54,771 autoreload Watching for file changes with StatReloader
INFO 2026-04-12 21:43:05,368 autoreload C:\Users\DELL\projet_tuteure\backend\driveparc\apps\fuel\models.py changed, reloading.
INFO 2026-04-12 21:43:06,982 autoreload Watching for file changes with StatReloader
INFO 2026-04-12 21:43:13,466 autoreload C:\Users\DELL\projet_tuteure\backend\driveparc\apps\fuel\models.py changed, reloading.
INFO 2026-04-12 21:43:15,158 autoreload Watching for file changes with StatReloader
INFO 2026-04-12 21:43:21,942 autoreload C:\Users\DELL\projet_tuteure\backend\driveparc\apps\fuel\models.py changed, reloading.
INFO 2026-04-12 21:43:23,598 autoreload Watching for file changes with StatReloader
INFO 2026-04-12 21:45:42,323 autoreload C:\Users\DELL\projet_tuteure\backend\driveparc\apps\fuel\serializers.py changed, reloading.
INFO 2026-04-12 21:45:44,237 autoreload Watching for file changes with StatReloader
INFO 2026-04-12 21:45:50,028 autoreload C:\Users\DELL\projet_tuteure\backend\driveparc\apps\fuel\serializers.py changed, reloading.
INFO 2026-04-12 21:45:51,881 autoreload Watching for file changes with StatReloader
ERROR 2026-04-12 21:45:55,889 log Internal Server Error: /api/v1/fuel/transactions/
ERROR 2026-04-12 21:45:58,112 log Internal Server Error: /api/v1/fuel/transactions/
INFO 2026-04-12 22:09:35,857 autoreload C:\Users\DELL\projet_tuteure\backend\driveparc\apps\fuel\views.py changed, reloading.
INFO 2026-04-12 22:09:38,084 autoreload Watching for file changes with StatReloader
INFO 2026-04-12 22:09:41,914 autoreload C:\Users\DELL\projet_tuteure\backend\driveparc\apps\fuel\views.py changed, reloading.
INFO 2026-04-12 22:09:43,922 autoreload Watching for file changes with StatReloader
INFO 2026-04-12 22:10:55,896 autoreload C:\Users\DELL\projet_tuteure\backend\driveparc\apps\fuel\views.py changed, reloading.
INFO 2026-04-12 22:10:57,823 autoreload Watching for file changes with StatReloader
WARNING 2026-04-12 22:11:08,880 views _notify_gestionnaires error: Notification() got unexpected keyword arguments: 'type'
WARNING 2026-04-12 22:12:19,808 log Bad Request: /api/v1/fuel/transactions/
WARNING 2026-04-12 22:12:27,934 log Bad Request: /api/v1/fuel/transactions/
WARNING 2026-04-12 22:12:46,171 log Bad Request: /api/v1/fuel/transactions/
WARNING 2026-04-13 00:54:04,727 log Not Found: /api/v1/trips/
WARNING 2026-04-13 00:54:04,878 log Not Found: /api/v1/trips/
WARNING 2026-04-13 01:04:05,619 log Bad Request: /api/v1/fuel/transactions/
WARNING 2026-04-13 01:10:45,875 views _notify_gestionnaires error: Notification() got unexpected keyword arguments: 'type'
INFO 2026-04-13 01:36:11,608 autoreload C:\Users\DELL\projet_tuteure\backend\driveparc\apps\fuel\views.py changed, reloading.
INFO 2026-04-13 01:36:13,726 autoreload Watching for file changes with StatReloader
INFO 2026-04-13 01:36:24,123 autoreload C:\Users\DELL\projet_tuteure\backend\driveparc\apps\fuel\views.py changed, reloading.
INFO 2026-04-13 01:36:26,204 autoreload Watching for file changes with StatReloader
INFO 2026-04-13 01:36:41,361 autoreload C:\Users\DELL\projet_tuteure\backend\driveparc\apps\fuel\views.py changed, reloading.
INFO 2026-04-13 01:36:43,016 autoreload Watching for file changes with StatReloader
WARNING 2026-04-13 01:50:21,548 log Bad Request: /api/v1/fuel/transactions/
WARNING 2026-04-13 01:51:33,631 log Not Found: /api/v1/maintenance/
WARNING 2026-04-13 01:51:33,768 log Not Found: /api/v1/maintenance/
WARNING 2026-04-13 01:52:38,500 log Not Found: /api/v1/trips/
WARNING 2026-04-13 01:52:38,594 log Not Found: /api/v1/trips/
WARNING 2026-04-13 01:53:16,097 log Bad Request: /api/v1/fuel/transactions/
WARNING 2026-04-13 02:21:29,496 log Not Found: /api/v1/trips/
WARNING 2026-04-13 02:21:29,608 log Not Found: /api/v1/trips/
WARNING 2026-04-13 02:27:21,687 log Bad Request: /api/v1/fuel/transactions/
INFO 2026-04-13 02:30:55,350 autoreload C:\Users\DELL\projet_tuteure\backend\driveparc\apps\fuel\serializers.py changed, reloading.
INFO 2026-04-13 02:30:56,083 autoreload Watching for file changes with StatReloader
INFO 2026-04-13 02:31:17,037 autoreload C:\Users\DELL\projet_tuteure\backend\driveparc\apps\fuel\serializers.py changed, reloading.
INFO 2026-04-13 02:31:17,910 autoreload Watching for file changes with StatReloader
INFO 2026-04-13 02:31:26,823 autoreload C:\Users\DELL\projet_tuteure\backend\driveparc\apps\fuel\serializers.py changed, reloading.
INFO 2026-04-13 02:31:27,429 autoreload Watching for file changes with StatReloader
INFO 2026-04-13 02:31:32,065 autoreload C:\Users\DELL\projet_tuteure\backend\driveparc\apps\fuel\serializers.py changed, reloading.
INFO 2026-04-13 02:31:32,695 autoreload Watching for file changes with StatReloader
INFO 2026-04-13 02:31:38,443 autoreload C:\Users\DELL\projet_tuteure\backend\driveparc\apps\fuel\serializers.py changed, reloading.
INFO 2026-04-13 02:31:39,237 autoreload Watching for file changes with StatReloader
INFO 2026-04-13 02:41:20,202 autoreload C:\Users\DELL\projet_tuteure\backend\driveparc\apps\fuel\views.py changed, reloading.
INFO 2026-04-13 02:41:20,953 autoreload Watching for file changes with StatReloader
INFO 2026-04-13 02:41:32,386 autoreload C:\Users\DELL\projet_tuteure\backend\driveparc\apps\fuel\views.py changed, reloading.
INFO 2026-04-13 02:41:33,254 autoreload Watching for file changes with StatReloader
WARNING 2026-04-13 02:44:53,944 views _notify_gestionnaires error: Notification() got unexpected keyword arguments: 'type'
WARNING 2026-04-13 02:45:16,075 log Not Found: /api/v1/maintenance/
WARNING 2026-04-13 02:45:16,168 log Not Found: /api/v1/maintenance/
ERROR 2026-04-13 02:45:33,988 log Internal Server Error: /api/v1/fuel/transactions/5/valider/
ERROR 2026-04-13 02:45:58,006 log Internal Server Error: /api/v1/fuel/transactions/5/valider/
ERROR 2026-04-13 02:46:00,808 log Internal Server Error: /api/v1/fuel/transactions/5/valider/
INFO 2026-04-13 02:49:45,936 autoreload C:\Users\DELL\projet_tuteure\backend\driveparc\apps\fuel\views.py changed, reloading.
INFO 2026-04-13 02:49:47,332 autoreload Watching for file changes with StatReloader
INFO 2026-04-13 02:50:28,504 autoreload C:\Users\DELL\projet_tuteure\backend\driveparc\apps\fuel\views.py changed, reloading.
INFO 2026-04-13 02:50:30,135 autoreload Watching for file changes with StatReloader
ERROR 2026-04-13 02:50:37,965 log Internal Server Error: /api/v1/fuel/transactions/5/valider/
INFO 2026-04-13 02:54:04,983 autoreload C:\Users\DELL\projet_tuteure\backend\driveparc\apps\fuel\views.py changed, reloading.
INFO 2026-04-13 02:54:05,674 autoreload Watching for file changes with StatReloader
INFO 2026-04-13 02:54:07,213 autoreload C:\Users\DELL\projet_tuteure\backend\driveparc\apps\fuel\views.py changed, reloading.
INFO 2026-04-13 02:54:07,950 autoreload Watching for file changes with StatReloader
INFO 2026-04-13 02:54:15,769 autoreload C:\Users\DELL\projet_tuteure\backend\driveparc\apps\fuel\views.py changed, reloading.
INFO 2026-04-13 02:54:16,439 autoreload Watching for file changes with StatReloader
INFO 2026-04-13 02:54:18,988 autoreload C:\Users\DELL\projet_tuteure\backend\driveparc\apps\fuel\views.py changed, reloading.
INFO 2026-04-13 02:54:19,599 autoreload Watching for file changes with StatReloader
INFO 2026-04-13 03:23:08,620 autoreload C:\Users\DELL\projet_tuteure\backend\driveparc\apps\fuel\models.py changed, reloading.
INFO 2026-04-13 03:23:09,719 autoreload Watching for file changes with StatReloader
INFO 2026-04-13 03:23:15,251 autoreload C:\Users\DELL\projet_tuteure\backend\driveparc\apps\fuel\models.py changed, reloading.
INFO 2026-04-13 03:23:15,999 autoreload Watching for file changes with StatReloader
INFO 2026-04-13 03:23:18,641 autoreload C:\Users\DELL\projet_tuteure\backend\driveparc\apps\fuel\models.py changed, reloading.
INFO 2026-04-13 03:23:19,241 autoreload Watching for file changes with StatReloader
INFO 2026-04-13 03:24:27,851 autoreload C:\Users\DELL\projet_tuteure\backend\driveparc\apps\fuel\models.py changed, reloading.
INFO 2026-04-13 03:24:30,146 autoreload Watching for file changes with StatReloader
INFO 2026-04-13 03:32:36,301 autoreload C:\Users\DELL\projet_tuteure\backend\driveparc\apps\fuel\views.py changed, reloading.
INFO 2026-04-13 03:32:38,971 autoreload Watching for file changes with StatReloader
INFO 2026-04-13 03:32:44,312 autoreload C:\Users\DELL\projet_tuteure\backend\driveparc\apps\fuel\views.py changed, reloading.
INFO 2026-04-13 03:32:45,934 autoreload Watching for file changes with StatReloader
INFO 2026-04-13 03:33:11,078 autoreload C:\Users\DELL\projet_tuteure\backend\driveparc\apps\fuel\views.py changed, reloading.
INFO 2026-04-13 03:33:13,532 autoreload Watching for file changes with StatReloader
INFO 2026-04-13 03:36:27,850 autoreload C:\Users\DELL\projet_tuteure\backend\driveparc\apps\fuel\views.py changed, reloading.
INFO 2026-04-13 03:36:29,938 autoreload Watching for file changes with StatReloader
INFO 2026-04-13 03:36:36,447 autoreload C:\Users\DELL\projet_tuteure\backend\driveparc\apps\fuel\views.py changed, reloading.
INFO 2026-04-13 03:36:37,970 autoreload Watching for file changes with StatReloader
INFO 2026-04-13 03:41:22,792 autoreload C:\Users\DELL\projet_tuteure\backend\driveparc\apps\fuel\models.py changed, reloading.
INFO 2026-04-13 03:41:25,062 autoreload Watching for file changes with StatReloader
INFO 2026-04-13 03:41:28,162 autoreload C:\Users\DELL\projet_tuteure\backend\driveparc\apps\fuel\models.py changed, reloading.
INFO 2026-04-13 03:41:30,539 autoreload Watching for file changes with StatReloader
INFO 2026-04-13 03:41:35,869 autoreload C:\Users\DELL\projet_tuteure\backend\driveparc\apps\fuel\models.py changed, reloading.
INFO 2026-04-13 03:41:37,796 autoreload Watching for file changes with StatReloader
INFO 2026-04-13 03:42:49,399 autoreload C:\Users\DELL\projet_tuteure\backend\driveparc\apps\fuel\views.py changed, reloading.
INFO 2026-04-13 03:42:51,339 autoreload Watching for file changes with StatReloader
INFO 2026-04-13 03:42:58,077 autoreload C:\Users\DELL\projet_tuteure\backend\driveparc\apps\fuel\views.py changed, reloading.
INFO 2026-04-13 03:43:00,061 autoreload Watching for file changes with StatReloader
WARNING 2026-04-13 04:28:08,228 log Unauthorized: /api/v1/fuel/transactions/
WARNING 2026-04-13 04:28:08,258 log Unauthorized: /api/v1/fuel/cards/
WARNING 2026-04-13 04:28:08,266 log Unauthorized: /api/v1/fuel/cards/dashboard/
WARNING 2026-04-13 04:28:08,288 log Unauthorized: /api/v1/fuel/transactions/
WARNING 2026-04-13 04:28:08,296 log Unauthorized: /api/v1/fuel/cards/
WARNING 2026-04-13 04:28:08,303 log Unauthorized: /api/v1/fuel/cards/dashboard/
WARNING 2026-04-13 04:29:18,875 log Unauthorized: /api/v1/fuel/transactions/
WARNING 2026-04-13 04:29:18,888 log Unauthorized: /api/v1/fuel/cards/
WARNING 2026-04-13 04:29:18,892 log Unauthorized: /api/v1/fuel/cards/dashboard/
WARNING 2026-04-13 04:29:18,954 log Unauthorized: /api/v1/fuel/transactions/
WARNING 2026-04-13 04:29:18,956 log Unauthorized: /api/v1/fuel/cards/
WARNING 2026-04-13 04:29:18,965 log Unauthorized: /api/v1/fuel/cards/dashboard/
WARNING 2026-04-13 04:29:31,757 log Unauthorized: /api/v1/fuel/cards/
WARNING 2026-04-13 04:29:31,779 log Unauthorized: /api/v1/fuel/transactions/
WARNING 2026-04-13 04:29:31,829 log Unauthorized: /api/v1/fuel/cards/dashboard/
WARNING 2026-04-13 04:29:31,844 log Unauthorized: /api/v1/fuel/cards/
WARNING 2026-04-13 04:29:31,873 log Unauthorized: /api/v1/fuel/transactions/
WARNING 2026-04-13 04:29:31,874 log Unauthorized: /api/v1/fuel/cards/dashboard/
WARNING 2026-04-13 04:35:39,928 log Not Found: /api/v1/maintenance/
WARNING 2026-04-13 04:35:40,035 log Not Found: /api/v1/maintenance/
ERROR 2026-04-13 04:35:42,135 log Internal Server Error: /api/v1/fuel/cards/dashboard/
ERROR 2026-04-13 04:35:42,220 log Internal Server Error: /api/v1/fuel/cards/dashboard/
ERROR 2026-04-13 04:36:00,503 log Internal Server Error: /api/v1/fuel/cards/dashboard/
ERROR 2026-04-13 04:36:11,742 log Internal Server Error: /api/v1/fuel/cards/dashboard/
ERROR 2026-04-13 04:36:16,077 log Internal Server Error: /api/v1/fuel/cards/dashboard/
ERROR 2026-04-13 04:36:20,495 log Internal Server Error: /api/v1/fuel/cards/dashboard/
ERROR 2026-04-13 04:36:22,478 log Internal Server Error: /api/v1/fuel/cards/dashboard/
ERROR 2026-04-13 04:36:23,411 log Internal Server Error: /api/v1/fuel/cards/dashboard/
WARNING 2026-04-13 04:36:38,554 log Not Found: /api/v1/trips/
WARNING 2026-04-13 04:36:38,649 log Not Found: /api/v1/trips/
WARNING 2026-04-13 11:28:48,677 log Not Found: /api/v1/trips/
WARNING 2026-04-13 11:28:48,812 log Not Found: /api/v1/trips/
WARNING 2026-04-13 11:48:35,802 log Bad Request: /api/v1/maintenance/breakdowns/
WARNING 2026-04-13 11:48:53,065 log Bad Request: /api/v1/maintenance/breakdowns/
WARNING 2026-04-13 12:23:32,279 log Not Found: /api/v1/trips/
WARNING 2026-04-13 12:23:32,391 log Not Found: /api/v1/trips/
INFO 2026-04-13 12:36:08,997 autoreload C:\Users\DELL\projet_tuteure\backend\driveparc\apps\maintenance\views.py changed, reloading.
INFO 2026-04-13 12:36:11,362 autoreload Watching for file changes with StatReloader
INFO 2026-04-13 12:36:26,198 autoreload C:\Users\DELL\projet_tuteure\backend\driveparc\apps\maintenance\serializers.py changed, reloading.
INFO 2026-04-13 12:36:28,266 autoreload Watching for file changes with StatReloader
WARNING 2026-04-13 12:38:18,527 log Not Found: /api/v1/maintenance/
WARNING 2026-04-13 12:38:18,664 log Not Found: /api/v1/maintenance/
WARNING 2026-04-13 12:42:47,614 log Not Found: /api/v1/trips/
WARNING 2026-04-13 12:42:47,646 log Not Found: /api/v1/vehicles/my-vehicle/
WARNING 2026-04-13 12:42:47,701 log Not Found: /api/v1/trips/
WARNING 2026-04-13 12:42:47,720 log Not Found: /api/v1/vehicles/my-vehicle/
WARNING 2026-04-13 12:43:31,934 log Bad Request: /api/v1/auth/login/
WARNING 2026-04-13 21:06:16,647 log Not Found: /api/v1/maintenance/
WARNING 2026-04-13 21:06:16,697 log Not Found: /api/v1/maintenance/
WARNING 2026-04-13 21:06:54,943 log Not Found: /api/v1/trips/
WARNING 2026-04-13 21:06:54,955 log Not Found: /api/v1/vehicles/my-vehicle/
WARNING 2026-04-13 21:06:54,993 log Not Found: /api/v1/trips/
WARNING 2026-04-13 21:06:55,012 log Not Found: /api/v1/vehicles/my-vehicle/
WARNING 2026-04-13 21:07:11,321 log Not Found: /api/v1/trips/
WARNING 2026-04-13 21:07:11,349 log Not Found: /api/v1/trips/
WARNING 2026-04-13 21:08:03,359 log Bad Request: /api/v1/maintenance/breakdowns/
INFO 2026-04-13 21:10:58,874 autoreload C:\Users\DELL\projet_tuteure\backend\driveparc\apps\maintenance\serializers.py changed, reloading.
INFO 2026-04-13 21:10:59,957 autoreload Watching for file changes with StatReloader
INFO 2026-04-13 21:11:44,383 autoreload C:\Users\DELL\projet_tuteure\backend\driveparc\apps\maintenance\models.py changed, reloading.
INFO 2026-04-13 21:11:45,113 autoreload Watching for file changes with StatReloader
WARNING 2026-04-13 21:13:43,257 views Notification breakdown failed: Notification() got unexpected keyword arguments: 'type'
WARNING 2026-04-13 21:14:06,494 log Not Found: /api/v1/maintenance/
WARNING 2026-04-13 21:14:06,548 log Not Found: /api/v1/maintenance/
WARNING 2026-04-13 21:14:27,065 views Notification assigner failed: Notification() got unexpected keyword arguments: 'type'
WARNING 2026-04-13 21:16:10,172 log Not Found: /api/v1/maintenance/
WARNING 2026-04-13 21:16:10,323 log Not Found: /api/v1/maintenance/
WARNING 2026-04-13 21:16:50,795 log Not Found: /api/v1/trips/
WARNING 2026-04-13 21:16:50,833 log Not Found: /api/v1/trips/
WARNING 2026-04-13 21:20:53,025 log Not Found: /api/v1/maintenance/
WARNING 2026-04-13 21:20:53,109 log Not Found: /api/v1/maintenance/
ERROR 2026-04-13 21:21:40,211 log Internal Server Error: /api/v1/fuel/cards/dashboard/
ERROR 2026-04-13 21:21:40,254 log Internal Server Error: /api/v1/fuel/cards/dashboard/
INFO 2026-04-14 18:10:34,983 autoreload Watching for file changes with StatReloader
WARNING 2026-04-14 18:21:16,004 log Not Found: /favicon.ico
WARNING 2026-04-14 18:41:28,500 views Notification breakdown failed: Notification() got unexpected keyword arguments: 'type'
WARNING 2026-04-14 18:42:00,854 log Not Found: /api/v1/maintenance/
WARNING 2026-04-14 18:42:00,967 log Not Found: /api/v1/maintenance/
WARNING 2026-04-14 18:42:13,941 views Notification assigner failed: Notification() got unexpected keyword arguments: 'type'
ERROR 2026-04-14 18:42:50,495 log Internal Server Error: /api/v1/maintenance/breakdowns/2/intervenir/
ERROR 2026-04-14 18:42:52,639 log Internal Server Error: /api/v1/maintenance/breakdowns/2/intervenir/
ERROR 2026-04-14 18:42:56,964 log Internal Server Error: /api/v1/maintenance/breakdowns/2/intervenir/
WARNING 2026-04-14 18:43:44,231 log Not Found: /api/v1/trips/
WARNING 2026-04-14 18:43:44,328 log Not Found: /api/v1/trips/
WARNING 2026-04-14 18:44:49,789 log Not Found: /api/v1/maintenance/
WARNING 2026-04-14 18:44:49,860 log Not Found: /api/v1/maintenance/
WARNING 2026-04-14 18:46:11,107 log Not Found: /api/v1/trips/
WARNING 2026-04-14 18:46:11,146 log Not Found: /api/v1/vehicles/my-vehicle/
WARNING 2026-04-14 18:46:11,205 log Not Found: /api/v1/trips/
WARNING 2026-04-14 18:46:11,257 log Not Found: /api/v1/vehicles/my-vehicle/
WARNING 2026-04-14 18:47:01,425 log Not Found: /api/v1/fuel/cards/my-card/
WARNING 2026-04-14 18:47:01,498 log Not Found: /api/v1/fuel/cards/my-card/
WARNING 2026-04-14 18:48:48,445 log Not Found: /api/v1/maintenance/
WARNING 2026-04-14 18:48:48,510 log Not Found: /api/v1/maintenance/
INFO 2026-04-14 19:02:02,628 autoreload C:\Users\DELL\projet_tuteure\backend\driveparc\apps\maintenance\models.py changed, reloading.
INFO 2026-04-14 19:02:04,332 autoreload Watching for file changes with StatReloader
INFO 2026-04-14 19:05:34,996 autoreload C:\Users\DELL\projet_tuteure\backend\driveparc\apps\maintenance\models.py changed, reloading.
INFO 2026-04-14 19:05:36,698 autoreload Watching for file changes with StatReloader
INFO 2026-04-14 19:05:43,595 autoreload C:\Users\DELL\projet_tuteure\backend\driveparc\apps\maintenance\serializers.py changed, reloading.
INFO 2026-04-14 19:05:44,838 autoreload Watching for file changes with StatReloader
INFO 2026-04-14 19:05:49,958 autoreload C:\Users\DELL\projet_tuteure\backend\driveparc\apps\maintenance\models.py changed, reloading.
INFO 2026-04-14 19:05:51,228 autoreload Watching for file changes with StatReloader
INFO 2026-04-14 19:08:14,482 autoreload C:\Users\DELL\projet_tuteure\backend\driveparc\apps\maintenance\models.py changed, reloading.
INFO 2026-04-14 19:08:15,767 autoreload Watching for file changes with StatReloader
INFO 2026-04-14 19:08:44,811 autoreload C:\Users\DELL\projet_tuteure\backend\driveparc\apps\maintenance\models.py changed, reloading.
INFO 2026-04-14 19:08:46,566 autoreload Watching for file changes with StatReloader
INFO 2026-04-14 19:08:56,070 autoreload C:\Users\DELL\projet_tuteure\backend\driveparc\apps\maintenance\views.py changed, reloading.
INFO 2026-04-14 19:08:57,639 autoreload Watching for file changes with StatReloader
INFO 2026-04-14 19:11:53,001 autoreload C:\Users\DELL\projet_tuteure\backend\driveparc\apps\maintenance\views.py changed, reloading.
INFO 2026-04-14 19:11:54,573 autoreload Watching for file changes with StatReloader
INFO 2026-04-15 00:45:34,034 autoreload C:\Users\DELL\projet_tuteure\backend\driveparc\apps\maintenance\views.py changed, reloading.
INFO 2026-04-15 00:45:37,555 autoreload Watching for file changes with StatReloader
INFO 2026-04-15 00:45:51,355 autoreload C:\Users\DELL\projet_tuteure\backend\driveparc\apps\maintenance\urls.py changed, reloading.
INFO 2026-04-15 00:45:53,102 autoreload Watching for file changes with StatReloader
INFO 2026-04-15 00:48:00,602 autoreload C:\Users\DELL\projet_tuteure\backend\driveparc\apps\maintenance\views.py changed, reloading.
INFO 2026-04-15 00:48:02,350 autoreload Watching for file changes with StatReloader
INFO 2026-04-15 00:48:21,978 autoreload Watching for file changes with StatReloader
INFO 2026-04-15 00:50:46,102 autoreload C:\Users\DELL\projet_tuteure\backend\driveparc\apps\expenses\models.py changed, reloading.
INFO 2026-04-15 00:50:47,485 autoreload Watching for file changes with StatReloader
INFO 2026-04-15 00:50:49,609 autoreload C:\Users\DELL\projet_tuteure\backend\driveparc\apps\expenses\models.py changed, reloading.
INFO 2026-04-15 00:50:51,063 autoreload Watching for file changes with StatReloader
INFO 2026-04-15 00:51:03,073 autoreload C:\Users\DELL\projet_tuteure\backend\driveparc\apps\expenses\models.py changed, reloading.
INFO 2026-04-15 00:51:04,739 autoreload Watching for file changes with StatReloader
INFO 2026-04-15 00:51:10,900 autoreload C:\Users\DELL\projet_tuteure\backend\driveparc\apps\expenses\models.py changed, reloading.
INFO 2026-04-15 00:51:12,411 autoreload Watching for file changes with StatReloader
INFO 2026-04-15 00:51:17,811 autoreload C:\Users\DELL\projet_tuteure\backend\driveparc\apps\expenses\models.py changed, reloading.
INFO 2026-04-15 00:51:19,494 autoreload Watching for file changes with StatReloader
INFO 2026-04-15 00:51:22,555 autoreload C:\Users\DELL\projet_tuteure\backend\driveparc\apps\expenses\models.py changed, reloading.
INFO 2026-04-15 00:51:23,966 autoreload Watching for file changes with StatReloader
INFO 2026-04-15 00:51:26,853 autoreload C:\Users\DELL\projet_tuteure\backend\driveparc\apps\expenses\models.py changed, reloading.
INFO 2026-04-15 00:51:28,381 autoreload Watching for file changes with StatReloader
INFO 2026-04-15 00:51:32,719 autoreload C:\Users\DELL\projet_tuteure\backend\driveparc\apps\expenses\models.py changed, reloading.
INFO 2026-04-15 00:51:34,515 autoreload Watching for file changes with StatReloader
INFO 2026-04-15 00:51:44,958 autoreload C:\Users\DELL\projet_tuteure\backend\driveparc\apps\expenses\models.py changed, reloading.
INFO 2026-04-15 00:51:46,584 autoreload Watching for file changes with StatReloader
INFO 2026-04-15 00:51:50,501 autoreload C:\Users\DELL\projet_tuteure\backend\driveparc\apps\expenses\models.py changed, reloading.
INFO 2026-04-15 00:51:52,211 autoreload Watching for file changes with StatReloader
INFO 2026-04-15 00:52:59,800 autoreload C:\Users\DELL\projet_tuteure\backend\driveparc\apps\maintenance\models.py changed, reloading.
INFO 2026-04-15 00:53:01,526 autoreload Watching for file changes with StatReloader
INFO 2026-04-15 00:53:05,714 autoreload C:\Users\DELL\projet_tuteure\backend\driveparc\apps\maintenance\models.py changed, reloading.
INFO 2026-04-15 00:53:07,077 autoreload Watching for file changes with StatReloader
INFO 2026-04-15 00:57:26,872 autoreload C:\Users\DELL\projet_tuteure\backend\driveparc\apps\maintenance\views.py changed, reloading.
INFO 2026-04-15 00:57:28,831 autoreload Watching for file changes with StatReloader
INFO 2026-04-15 00:58:03,781 autoreload C:\Users\DELL\projet_tuteure\backend\driveparc\apps\maintenance\views.py changed, reloading.
INFO 2026-04-15 00:58:05,947 autoreload Watching for file changes with StatReloader
INFO 2026-04-15 01:00:47,005 autoreload C:\Users\DELL\projet_tuteure\backend\driveparc\apps\maintenance\views.py changed, reloading.
INFO 2026-04-15 01:00:49,022 autoreload Watching for file changes with StatReloader
INFO 2026-04-15 01:00:55,118 autoreload C:\Users\DELL\projet_tuteure\backend\driveparc\apps\maintenance\views.py changed, reloading.
INFO 2026-04-15 01:00:57,229 autoreload Watching for file changes with StatReloader
INFO 2026-04-15 01:01:12,229 autoreload C:\Users\DELL\projet_tuteure\backend\driveparc\apps\maintenance\views.py changed, reloading.
INFO 2026-04-15 01:01:14,397 autoreload Watching for file changes with StatReloader
WARNING 2026-04-15 01:03:25,562 log Not Found: /api/v1/maintenance/
WARNING 2026-04-15 01:03:25,917 log Not Found: /api/v1/maintenance/
ERROR 2026-04-15 01:03:30,732 log Internal Server Error: /api/v1/fuel/cards/dashboard/
ERROR 2026-04-15 01:03:30,784 log Internal Server Error: /api/v1/fuel/cards/dashboard/
ERROR 2026-04-15 01:03:32,884 log Internal Server Error: /api/v1/maintenance/dues/dashboard/
ERROR 2026-04-15 01:03:32,892 log Internal Server Error: /api/v1/maintenance/dues/
ERROR 2026-04-15 01:03:32,936 log Internal Server Error: /api/v1/maintenance/orders/
ERROR 2026-04-15 01:03:33,024 log Internal Server Error: /api/v1/maintenance/dues/dashboard/
ERROR 2026-04-15 01:03:33,064 log Internal Server Error: /api/v1/maintenance/dues/
ERROR 2026-04-15 01:03:33,067 log Internal Server Error: /api/v1/maintenance/orders/
ERROR 2026-04-15 01:03:43,052 log Internal Server Error: /api/v1/maintenance/dues/dashboard/
ERROR 2026-04-15 01:03:43,053 log Internal Server Error: /api/v1/maintenance/dues/
ERROR 2026-04-15 01:03:43,126 log Internal Server Error: /api/v1/maintenance/orders/
ERROR 2026-04-15 01:03:43,163 log Internal Server Error: /api/v1/maintenance/dues/dashboard/
ERROR 2026-04-15 01:03:43,191 log Internal Server Error: /api/v1/maintenance/dues/
ERROR 2026-04-15 01:03:43,202 log Internal Server Error: /api/v1/maintenance/orders/
ERROR 2026-04-15 01:03:58,928 log Internal Server Error: /api/v1/maintenance/dues/
ERROR 2026-04-15 01:03:58,936 log Internal Server Error: /api/v1/maintenance/dues/dashboard/
ERROR 2026-04-15 01:03:59,003 log Internal Server Error: /api/v1/maintenance/orders/
ERROR 2026-04-15 01:03:59,029 log Internal Server Error: /api/v1/maintenance/dues/
ERROR 2026-04-15 01:03:59,048 log Internal Server Error: /api/v1/maintenance/dues/dashboard/
ERROR 2026-04-15 01:03:59,074 log Internal Server Error: /api/v1/maintenance/orders/
ERROR 2026-04-15 01:04:48,051 log Internal Server Error: /api/v1/maintenance/breakdowns/
INFO 2026-04-15 01:07:06,489 autoreload C:\Users\DELL\projet_tuteure\backend\driveparc\apps\maintenance\models.py changed, reloading.
INFO 2026-04-15 01:07:08,578 autoreload Watching for file changes with StatReloader
INFO 2026-04-15 01:08:57,088 autoreload C:\Users\DELL\projet_tuteure\backend\driveparc\apps\maintenance\views.py changed, reloading.
INFO 2026-04-15 01:08:58,683 autoreload Watching for file changes with StatReloader
INFO 2026-04-15 01:09:01,771 autoreload C:\Users\DELL\projet_tuteure\backend\driveparc\apps\maintenance\views.py changed, reloading.
INFO 2026-04-15 01:09:03,271 autoreload Watching for file changes with StatReloader
INFO 2026-04-15 01:09:51,704 autoreload C:\Users\DELL\projet_tuteure\backend\driveparc\apps\maintenance\serializers.py changed, reloading.
INFO 2026-04-15 01:09:53,730 autoreload Watching for file changes with StatReloader
INFO 2026-04-15 01:15:10,404 autoreload C:\Users\DELL\projet_tuteure\backend\driveparc\apps\expenses\models.py changed, reloading.
INFO 2026-04-15 01:15:12,721 autoreload Watching for file changes with StatReloader
WARNING 2026-04-15 01:32:29,059 log Bad Request: /api/v1/vehicles/
WARNING 2026-04-15 01:36:45,466 log Not Found: /api/v1/maintenance/
ERROR 2026-04-15 01:41:48,243 log Internal Server Error: /api/v1/fuel/cards/dashboard/
ERROR 2026-04-15 01:41:48,350 log Internal Server Error: /api/v1/fuel/cards/dashboard/
WARNING 2026-04-16 02:44:21,586 log Not Found: /api/v1/maintenance/
WARNING 2026-04-16 02:44:21,678 log Not Found: /api/v1/maintenance/
ERROR 2026-04-16 02:48:37,156 log Internal Server Error: /api/v1/fuel/cards/dashboard/
ERROR 2026-04-16 02:48:37,272 log Internal Server Error: /api/v1/fuel/cards/dashboard/
ERROR 2026-04-16 02:50:43,965 log Internal Server Error: /api/v1/fuel/cards/dashboard/
ERROR 2026-04-16 02:51:15,417 log Internal Server Error: /api/v1/fuel/cards/dashboard/
ERROR 2026-04-16 02:51:16,598 log Internal Server Error: /api/v1/fuel/cards/dashboard/
WARNING 2026-04-16 02:54:12,903 views Notification breakdown failed: Notification() got unexpected keyword arguments: 'type'
WARNING 2026-04-16 02:55:15,463 log Bad Request: /api/v1/auth/login/
WARNING 2026-04-16 02:55:40,828 log Not Found: /api/v1/trips/
WARNING 2026-04-16 02:55:40,985 log Not Found: /api/v1/trips/
WARNING 2026-04-16 03:04:21,416 log Not Found: /api/v1/maintenance/
WARNING 2026-04-16 03:04:21,495 log Not Found: /api/v1/maintenance/
WARNING 2026-04-16 03:04:40,842 views Notification assigner failed: Notification() got unexpected keyword arguments: 'type'
WARNING 2026-04-16 03:06:12,907 log Not Found: /api/v1/maintenance/
WARNING 2026-04-16 03:06:12,989 log Not Found: /api/v1/maintenance/
WARNING 2026-04-16 05:26:12,666 log Not Found: /api/v1/maintenance/
WARNING 2026-04-16 05:26:12,742 log Not Found: /api/v1/maintenance/
INFO 2026-04-16 05:37:44,920 autoreload C:\Users\DELL\projet_tuteure\backend\driveparc\apps\maintenance\models.py changed, reloading.
INFO 2026-04-16 05:37:47,865 autoreload Watching for file changes with StatReloader
INFO 2026-04-16 05:39:14,063 autoreload C:\Users\DELL\projet_tuteure\backend\driveparc\apps\maintenance\serializers.py changed, reloading.
INFO 2026-04-16 05:39:16,096 autoreload Watching for file changes with StatReloader
INFO 2026-04-16 05:40:44,710 autoreload C:\Users\DELL\projet_tuteure\backend\driveparc\apps\maintenance\urls.py changed, reloading.
INFO 2026-04-16 05:40:46,613 autoreload Watching for file changes with StatReloader
INFO 2026-04-16 05:40:52,323 autoreload C:\Users\DELL\projet_tuteure\backend\driveparc\apps\maintenance\urls.py changed, reloading.
INFO 2026-04-16 05:40:54,052 autoreload Watching for file changes with StatReloader
INFO 2026-04-16 05:40:58,078 autoreload C:\Users\DELL\projet_tuteure\backend\driveparc\apps\maintenance\urls.py changed, reloading.
INFO 2026-04-16 05:40:59,628 autoreload Watching for file changes with StatReloader
INFO 2026-04-16 05:41:04,823 autoreload C:\Users\DELL\projet_tuteure\backend\driveparc\apps\maintenance\urls.py changed, reloading.
INFO 2026-04-16 05:41:06,685 autoreload Watching for file changes with StatReloader
INFO 2026-04-16 05:51:18,268 autoreload C:\Users\DELL\projet_tuteure\backend\driveparc\apps\maintenance\views.py changed, reloading.
INFO 2026-04-16 05:51:20,651 autoreload Watching for file changes with StatReloader
INFO 2026-04-16 05:51:55,097 autoreload C:\Users\DELL\projet_tuteure\backend\driveparc\apps\maintenance\views.py changed, reloading.
INFO 2026-04-16 05:51:56,623 autoreload Watching for file changes with StatReloader
INFO 2026-04-16 05:52:11,882 autoreload C:\Users\DELL\projet_tuteure\backend\driveparc\apps\maintenance\views.py changed, reloading.
INFO 2026-04-16 05:52:13,879 autoreload Watching for file changes with StatReloader
INFO 2026-04-16 05:52:16,249 autoreload C:\Users\DELL\projet_tuteure\backend\driveparc\apps\maintenance\views.py changed, reloading.
INFO 2026-04-16 05:52:17,763 autoreload Watching for file changes with StatReloader
INFO 2026-04-16 06:10:18,039 autoreload C:\Users\DELL\projet_tuteure\backend\driveparc\apps\maintenance\views.py changed, reloading.
INFO 2026-04-16 06:10:20,554 autoreload Watching for file changes with StatReloader
INFO 2026-04-16 06:10:24,784 autoreload C:\Users\DELL\projet_tuteure\backend\driveparc\apps\maintenance\urls.py changed, reloading.
INFO 2026-04-16 06:10:26,670 autoreload Watching for file changes with StatReloader
INFO 2026-04-16 06:10:39,653 autoreload C:\Users\DELL\projet_tuteure\backend\driveparc\apps\maintenance\urls.py changed, reloading.
INFO 2026-04-16 06:10:41,518 autoreload Watching for file changes with StatReloader
INFO 2026-04-16 06:11:05,321 autoreload C:\Users\DELL\projet_tuteure\backend\driveparc\apps\maintenance\serializers.py changed, reloading.
INFO 2026-04-16 06:11:07,884 autoreload Watching for file changes with StatReloader
INFO 2026-04-17 07:02:51,126 autoreload Watching for file changes with StatReloader
INFO 2026-04-17 07:06:10,957 autoreload Watching for file changes with StatReloader
INFO 2026-04-29 05:41:46,920 autoreload Watching for file changes with StatReloader
INFO 2026-04-29 05:43:53,331 autoreload Watching for file changes with StatReloader
WARNING 2026-04-29 05:44:27,672 log Not Found: /api/v1/maintenance/
WARNING 2026-04-29 05:44:27,738 log Not Found: /api/v1/maintenance/
WARNING 2026-04-29 06:12:51,891 log Not Found: /api/v1/maintenance/plans/
WARNING 2026-04-29 06:12:51,898 log Not Found: /api/v1/maintenance/plans/alerts/
WARNING 2026-04-29 06:12:51,915 log Not Found: /api/v1/maintenance/records/
WARNING 2026-04-29 06:12:51,967 log Not Found: /api/v1/maintenance/plans/alerts/
WARNING 2026-04-29 06:12:52,002 log Not Found: /api/v1/maintenance/plans/
WARNING 2026-04-29 06:12:52,027 log Not Found: /api/v1/maintenance/records/
WARNING 2026-04-29 06:13:10,613 log Not Found: /api/v1/maintenance/plans/alerts/
WARNING 2026-04-29 06:13:10,625 log Not Found: /api/v1/maintenance/records/
WARNING 2026-04-29 06:13:10,638 log Not Found: /api/v1/maintenance/plans/
WARNING 2026-04-29 06:13:10,683 log Not Found: /api/v1/maintenance/plans/alerts/
WARNING 2026-04-29 06:13:10,691 log Not Found: /api/v1/maintenance/plans/
WARNING 2026-04-29 06:13:10,703 log Not Found: /api/v1/maintenance/records/
WARNING 2026-04-29 07:09:51,592 log Not Found: /api/v1/maintenance/
WARNING 2026-04-29 07:09:51,627 log Not Found: /api/v1/maintenance/
WARNING 2026-04-29 07:10:00,048 log Not Found: /api/v1/maintenance/plans/
WARNING 2026-04-29 07:10:00,053 log Not Found: /api/v1/maintenance/plans/alerts/
WARNING 2026-04-29 07:10:00,057 log Not Found: /api/v1/maintenance/records/
WARNING 2026-04-29 07:10:00,077 log Not Found: /api/v1/maintenance/plans/
WARNING 2026-04-29 07:10:00,098 log Not Found: /api/v1/maintenance/plans/alerts/
WARNING 2026-04-29 07:10:00,107 log Not Found: /api/v1/maintenance/records/
WARNING 2026-04-29 07:10:36,832 log Not Found: /api/v1/maintenance/plans/
WARNING 2026-04-29 07:10:36,837 log Not Found: /api/v1/maintenance/records/
WARNING 2026-04-29 07:10:36,845 log Not Found: /api/v1/maintenance/plans/alerts/
WARNING 2026-04-29 19:00:42,865 log Not Found: /api/v1/maintenance/
WARNING 2026-04-29 19:00:42,926 log Not Found: /api/v1/maintenance/
WARNING 2026-04-29 19:10:47,583 log Not Found: /api/v1/maintenance/
WARNING 2026-04-29 19:11:03,418 log Not Found: /api/v1/maintenance/records/
WARNING 2026-04-29 19:11:03,447 log Not Found: /api/v1/maintenance/plans/alerts/
WARNING 2026-04-29 19:11:03,518 log Not Found: /api/v1/maintenance/plans/
WARNING 2026-04-29 19:11:03,537 log Not Found: /api/v1/maintenance/records/
WARNING 2026-04-29 19:11:03,579 log Not Found: /api/v1/maintenance/plans/alerts/
WARNING 2026-04-29 19:11:03,606 log Not Found: /api/v1/maintenance/plans/
ERROR 2026-04-29 19:11:05,895 log Internal Server Error: /api/v1/fuel/cards/dashboard/
ERROR 2026-04-29 19:11:05,925 log Internal Server Error: /api/v1/fuel/cards/dashboard/
WARNING 2026-04-29 19:15:29,263 log Not Found: /api/v1/maintenance/
WARNING 2026-04-29 19:24:19,314 log Not Found: /api/v1/maintenance/
WARNING 2026-04-29 19:25:30,320 log Not Found: /api/v1/maintenance/
WARNING 2026-04-29 19:28:59,521 log Not Found: /api/v1/maintenance/
WARNING 2026-04-29 19:30:32,430 log Not Found: /api/v1/maintenance/
WARNING 2026-04-29 19:30:39,351 log Not Found: /api/v1/maintenance/
INFO 2026-04-30 10:01:12,608 autoreload C:\Users\DELL\projet_tuteure\backend\driveparc\config\settings.py changed, reloading.
INFO 2026-04-30 10:01:14,442 autoreload Watching for file changes with StatReloader
INFO 2026-04-30 10:02:03,251 autoreload C:\Users\DELL\projet_tuteure\backend\driveparc\config\settings.py changed, reloading.
INFO 2026-04-30 10:02:04,310 autoreload Watching for file changes with StatReloader
INFO 2026-04-30 10:03:18,739 autoreload C:\Users\DELL\projet_tuteure\backend\driveparc\apps\users\views.py changed, reloading.
INFO 2026-04-30 10:03:19,668 autoreload Watching for file changes with StatReloader
INFO 2026-04-30 10:03:42,745 autoreload C:\Users\DELL\projet_tuteure\backend\driveparc\apps\users\views.py changed, reloading.
INFO 2026-04-30 10:03:43,935 autoreload Watching for file changes with StatReloader
INFO 2026-04-30 10:04:04,930 autoreload C:\Users\DELL\projet_tuteure\backend\driveparc\apps\users\urls.py changed, reloading.
INFO 2026-04-30 10:04:05,923 autoreload Watching for file changes with StatReloader
INFO 2026-04-30 10:04:36,307 autoreload C:\Users\DELL\projet_tuteure\backend\driveparc\apps\users\urls.py changed, reloading.
INFO 2026-04-30 10:04:37,364 autoreload Watching for file changes with StatReloader
INFO 2026-04-30 10:09:53,660 autoreload C:\Users\DELL\projet_tuteure\backend\driveparc\config\settings.py changed, reloading.
INFO 2026-04-30 10:09:54,887 autoreload Watching for file changes with StatReloader
INFO 2026-04-30 10:10:06,752 autoreload C:\Users\DELL\projet_tuteure\backend\driveparc\config\settings.py changed, reloading.
INFO 2026-04-30 10:10:08,287 autoreload Watching for file changes with StatReloader
INFO 2026-04-30 10:10:37,617 autoreload C:\Users\DELL\projet_tuteure\backend\driveparc\config\settings.py changed, reloading.
INFO 2026-04-30 10:10:39,187 autoreload Watching for file changes with StatReloader
INFO 2026-04-30 10:11:19,923 autoreload C:\Users\DELL\projet_tuteure\backend\driveparc\config\settings.py changed, reloading.
INFO 2026-04-30 10:13:34,793 autoreload Watching for file changes with StatReloader
INFO 2026-04-30 10:17:08,304 autoreload C:\Users\DELL\projet_tuteure\backend\driveparc\apps\maintenance\views.py changed, reloading.
INFO 2026-04-30 10:17:09,877 autoreload Watching for file changes with StatReloader
INFO 2026-04-30 10:17:55,694 autoreload C:\Users\DELL\projet_tuteure\backend\driveparc\apps\maintenance\views.py changed, reloading.
INFO 2026-04-30 10:17:57,547 autoreload Watching for file changes with StatReloader
INFO 2026-04-30 10:18:34,858 autoreload Watching for file changes with StatReloader
INFO 2026-04-30 10:24:28,199 autoreload C:\Users\DELL\projet_tuteure\backend\driveparc\apps\maintenance\views.py changed, reloading.
INFO 2026-04-30 10:24:28,256 autoreload C:\Users\DELL\projet_tuteure\backend\driveparc\apps\maintenance\views.py changed, reloading.
INFO 2026-04-30 10:24:30,192 autoreload Watching for file changes with StatReloader
INFO 2026-04-30 10:24:30,201 autoreload Watching for file changes with StatReloader
INFO 2026-04-30 10:25:09,589 autoreload C:\Users\DELL\projet_tuteure\backend\driveparc\apps\maintenance\views.py changed, reloading.
INFO 2026-04-30 10:25:09,633 autoreload C:\Users\DELL\projet_tuteure\backend\driveparc\apps\maintenance\views.py changed, reloading.
INFO 2026-04-30 10:25:11,480 autoreload Watching for file changes with StatReloader
INFO 2026-04-30 10:25:11,481 autoreload Watching for file changes with StatReloader
INFO 2026-04-30 10:25:25,377 autoreload Watching for file changes with StatReloader
INFO 2026-04-30 10:26:27,320 autoreload C:\Users\DELL\projet_tuteure\backend\driveparc\apps\maintenance\views.py changed, reloading.
INFO 2026-04-30 10:26:27,334 autoreload C:\Users\DELL\projet_tuteure\backend\driveparc\apps\maintenance\views.py changed, reloading.
INFO 2026-04-30 10:26:28,954 autoreload Watching for file changes with StatReloader
INFO 2026-04-30 10:26:33,150 autoreload Watching for file changes with StatReloader
INFO 2026-04-30 10:26:54,879 autoreload Watching for file changes with StatReloader
INFO 2026-04-30 10:27:11,666 autoreload Watching for file changes with StatReloader
INFO 2026-04-30 10:27:24,193 autoreload C:\Users\DELL\projet_tuteure\backend\driveparc\apps\maintenance\serializers.py changed, reloading.
INFO 2026-04-30 10:27:24,355 autoreload C:\Users\DELL\projet_tuteure\backend\driveparc\apps\maintenance\serializers.py changed, reloading.
INFO 2026-04-30 10:27:25,793 autoreload Watching for file changes with StatReloader
INFO 2026-04-30 10:27:25,897 autoreload Watching for file changes with StatReloader
INFO 2026-04-30 10:28:00,491 autoreload C:\Users\DELL\projet_tuteure\backend\driveparc\apps\maintenance\views.py changed, reloading.
INFO 2026-04-30 10:28:00,575 autoreload C:\Users\DELL\projet_tuteure\backend\driveparc\apps\maintenance\views.py changed, reloading.
INFO 2026-04-30 10:28:02,041 autoreload Watching for file changes with StatReloader
INFO 2026-04-30 10:28:02,056 autoreload Watching for file changes with StatReloader
INFO 2026-04-30 10:28:15,087 autoreload C:\Users\DELL\projet_tuteure\backend\driveparc\apps\maintenance\views.py changed, reloading.
INFO 2026-04-30 10:28:15,109 autoreload C:\Users\DELL\projet_tuteure\backend\driveparc\apps\maintenance\views.py changed, reloading.
INFO 2026-04-30 10:28:16,778 autoreload Watching for file changes with StatReloader
INFO 2026-04-30 10:28:16,782 autoreload Watching for file changes with StatReloader
INFO 2026-04-30 10:28:27,272 autoreload C:\Users\DELL\projet_tuteure\backend\driveparc\apps\maintenance\views.py changed, reloading.
INFO 2026-04-30 10:28:27,276 autoreload C:\Users\DELL\projet_tuteure\backend\driveparc\apps\maintenance\views.py changed, reloading.
INFO 2026-04-30 10:28:29,300 autoreload Watching for file changes with StatReloader
INFO 2026-04-30 10:28:29,311 autoreload Watching for file changes with StatReloader
INFO 2026-04-30 10:28:36,838 autoreload C:\Users\DELL\projet_tuteure\backend\driveparc\apps\maintenance\views.py changed, reloading.
INFO 2026-04-30 10:28:36,866 autoreload C:\Users\DELL\projet_tuteure\backend\driveparc\apps\maintenance\views.py changed, reloading.
INFO 2026-04-30 10:28:39,299 autoreload Watching for file changes with StatReloader
INFO 2026-04-30 10:28:39,327 autoreload Watching for file changes with StatReloader
INFO 2026-04-30 10:28:49,319 autoreload C:\Users\DELL\projet_tuteure\backend\driveparc\apps\maintenance\views.py changed, reloading.
INFO 2026-04-30 10:28:49,335 autoreload C:\Users\DELL\projet_tuteure\backend\driveparc\apps\maintenance\views.py changed, reloading.
INFO 2026-04-30 10:28:51,573 autoreload Watching for file changes with StatReloader
INFO 2026-04-30 10:28:51,602 autoreload Watching for file changes with StatReloader
INFO 2026-04-30 10:30:05,483 autoreload C:\Users\DELL\projet_tuteure\backend\driveparc\config\settings.py changed, reloading.
INFO 2026-04-30 10:30:07,012 autoreload Watching for file changes with StatReloader
INFO 2026-04-30 20:33:24,186 autoreload C:\Users\DELL\projet_tuteure\backend\driveparc\apps\users\urls.py changed, reloading.
INFO 2026-04-30 20:33:26,043 autoreload Watching for file changes with StatReloader
INFO 2026-04-30 20:34:02,049 autoreload C:\Users\DELL\projet_tuteure\backend\driveparc\apps\users\views.py changed, reloading.
INFO 2026-04-30 20:34:03,125 autoreload Watching for file changes with StatReloader
INFO 2026-04-30 20:34:45,146 autoreload C:\Users\DELL\projet_tuteure\backend\driveparc\apps\users\views.py changed, reloading.
INFO 2026-04-30 20:34:46,433 autoreload Watching for file changes with StatReloader
INFO 2026-04-30 20:37:09,340 autoreload C:\Users\DELL\projet_tuteure\backend\driveparc\config\settings.py changed, reloading.
INFO 2026-04-30 20:48:56,431 autoreload Watching for file changes with StatReloader
WARNING 2026-04-30 20:50:43,935 base Session data corrupted
ERROR 2026-04-30 20:51:01,379 log Internal Server Error: /api/v1/auth/social/complete/google-oauth2/
Traceback (most recent call last):
  File "C:\Users\DELL\AppData\Local\Programs\Python\Python313\Lib\site-packages\django\db\backends\utils.py", line 105, in _execute
    return self.cursor.execute(sql, params)
           ~~~~~~~~~~~~~~~~~~~^^^^^^^^^^^^^
  File "C:\Users\DELL\AppData\Local\Programs\Python\Python313\Lib\site-packages\django\db\backends\mysql\base.py", line 78, in execute
    return self.cursor.execute(query, args)
           ~~~~~~~~~~~~~~~~~~~^^^^^^^^^^^^^
  File "C:\Users\DELL\AppData\Local\Programs\Python\Python313\Lib\site-packages\MySQLdb\cursors.py", line 179, in execute
    res = self._query(mogrified_query)
  File "C:\Users\DELL\AppData\Local\Programs\Python\Python313\Lib\site-packages\MySQLdb\cursors.py", line 330, in _query
    db.query(q)
    ~~~~~~~~^^^
  File "C:\Users\DELL\AppData\Local\Programs\Python\Python313\Lib\site-packages\MySQLdb\connections.py", line 265, in query
    _mysql.connection.query(self, query)
    ~~~~~~~~~~~~~~~~~~~~~~~^^^^^^^^^^^^^
MySQLdb.IntegrityError: (1062, "Duplicata du champ 'foudjalaeti@gmail.com' pour la clef 'users_user.email'")

The above exception was the direct cause of the following exception:

Traceback (most recent call last):
  File "C:\Users\DELL\AppData\Local\Programs\Python\Python313\Lib\site-packages\social_django\storage.py", line 91, in create_user
    return manager.create_user(*args, **kwargs)
           ~~~~~~~~~~~~~~~~~~~^^^^^^^^^^^^^^^^^
  File "C:\Users\DELL\projet_tuteure\backend\driveparc\apps\users\models.py", line 27, in create_user
    user.save(using=self._db)
    ~~~~~~~~~^^^^^^^^^^^^^^^^
  File "C:\Users\DELL\AppData\Local\Programs\Python\Python313\Lib\site-packages\django\contrib\auth\base_user.py", line 62, in save
    super().save(**kwargs)
    ~~~~~~~~~~~~^^^^^^^^^^
  File "C:\Users\DELL\AppData\Local\Programs\Python\Python313\Lib\site-packages\django\db\models\base.py", line 874, in save
    self.save_base(
    ~~~~~~~~~~~~~~^
        using=using,
        ^^^^^^^^^^^^
    ...<2 lines>...
        update_fields=update_fields,
        ^^^^^^^^^^^^^^^^^^^^^^^^^^^^
    )
    ^
  File "C:\Users\DELL\AppData\Local\Programs\Python\Python313\Lib\site-packages\django\db\models\base.py", line 966, in save_base
    updated = self._save_table(
        raw,
    ...<4 lines>...
        update_fields,
    )
  File "C:\Users\DELL\AppData\Local\Programs\Python\Python313\Lib\site-packages\django\db\models\base.py", line 1169, in _save_table
    results = self._do_insert(
        cls._base_manager, using, insert_fields, returning_fields, raw
    )
  File "C:\Users\DELL\AppData\Local\Programs\Python\Python313\Lib\site-packages\django\db\models\base.py", line 1220, in _do_insert
    return manager._insert(
           ~~~~~~~~~~~~~~~^
        [self],
        ^^^^^^^
    ...<3 lines>...
        raw=raw,
        ^^^^^^^^
    )
    ^
  File "C:\Users\DELL\AppData\Local\Programs\Python\Python313\Lib\site-packages\django\db\models\manager.py", line 87, in manager_method
    return getattr(self.get_queryset(), name)(*args, **kwargs)
           ~~~~~~~~~~~~~~~~~~~~~~~~~~~~~~~~~~^^^^^^^^^^^^^^^^^
  File "C:\Users\DELL\AppData\Local\Programs\Python\Python313\Lib\site-packages\django\db\models\query.py", line 1918, in _insert
    return query.get_compiler(using=using).execute_sql(returning_fields)
           ~~~~~~~~~~~~~~~~~~~~~~~~~~~~~~~~~~~~~~~~~~~^^^^^^^^^^^^^^^^^^
  File "C:\Users\DELL\AppData\Local\Programs\Python\Python313\Lib\site-packages\django\db\models\sql\compiler.py", line 1925, in execute_sql
    cursor.execute(sql, params)
    ~~~~~~~~~~~~~~^^^^^^^^^^^^^
  File "C:\Users\DELL\AppData\Local\Programs\Python\Python313\Lib\site-packages\django\db\backends\utils.py", line 122, in execute
    return super().execute(sql, params)
           ~~~~~~~~~~~~~~~^^^^^^^^^^^^^
  File "C:\Users\DELL\AppData\Local\Programs\Python\Python313\Lib\site-packages\django\db\backends\utils.py", line 79, in execute
    return self._execute_with_wrappers(
           ~~~~~~~~~~~~~~~~~~~~~~~~~~~^
        sql, params, many=False, executor=self._execute
        ^^^^^^^^^^^^^^^^^^^^^^^^^^^^^^^^^^^^^^^^^^^^^^^
    )
    ^
  File "C:\Users\DELL\AppData\Local\Programs\Python\Python313\Lib\site-packages\django\db\backends\utils.py", line 92, in _execute_with_wrappers
    return executor(sql, params, many, context)
  File "C:\Users\DELL\AppData\Local\Programs\Python\Python313\Lib\site-packages\django\db\backends\utils.py", line 100, in _execute
    with self.db.wrap_database_errors:
         ^^^^^^^^^^^^^^^^^^^^^^^^^^^^
  File "C:\Users\DELL\AppData\Local\Programs\Python\Python313\Lib\site-packages\django\db\utils.py", line 94, in __exit__
    raise dj_exc_value.with_traceback(traceback) from exc_value
  File "C:\Users\DELL\AppData\Local\Programs\Python\Python313\Lib\site-packages\django\db\backends\utils.py", line 105, in _execute
    return self.cursor.execute(sql, params)
           ~~~~~~~~~~~~~~~~~~~^^^^^^^^^^^^^
  File "C:\Users\DELL\AppData\Local\Programs\Python\Python313\Lib\site-packages\django\db\backends\mysql\base.py", line 78, in execute
    return self.cursor.execute(query, args)
           ~~~~~~~~~~~~~~~~~~~^^^^^^^^^^^^^
  File "C:\Users\DELL\AppData\Local\Programs\Python\Python313\Lib\site-packages\MySQLdb\cursors.py", line 179, in execute
    res = self._query(mogrified_query)
  File "C:\Users\DELL\AppData\Local\Programs\Python\Python313\Lib\site-packages\MySQLdb\cursors.py", line 330, in _query
    db.query(q)
    ~~~~~~~~^^^
  File "C:\Users\DELL\AppData\Local\Programs\Python\Python313\Lib\site-packages\MySQLdb\connections.py", line 265, in query
    _mysql.connection.query(self, query)
    ~~~~~~~~~~~~~~~~~~~~~~~^^^^^^^^^^^^^
django.db.utils.IntegrityError: (1062, "Duplicata du champ 'foudjalaeti@gmail.com' pour la clef 'users_user.email'")

The above exception was the direct cause of the following exception:

Traceback (most recent call last):
  File "C:\Users\DELL\AppData\Local\Programs\Python\Python313\Lib\site-packages\django\core\handlers\exception.py", line 55, in inner
    response = get_response(request)
  File "C:\Users\DELL\AppData\Local\Programs\Python\Python313\Lib\site-packages\django\core\handlers\base.py", line 198, in _get_response
    response = wrapped_callback(request, *callback_args, **callback_kwargs)
  File "C:\Users\DELL\AppData\Local\Programs\Python\Python313\Lib\site-packages\django\views\decorators\cache.py", line 80, in _view_wrapper
    response = view_func(request, *args, **kwargs)
  File "C:\Users\DELL\AppData\Local\Programs\Python\Python313\Lib\site-packages\django\views\decorators\csrf.py", line 65, in _view_wrapper
    return view_func(request, *args, **kwargs)
  File "C:\Users\DELL\AppData\Local\Programs\Python\Python313\Lib\site-packages\social_django\utils.py", line 44, in wrapper
    return func(request, backend, *args, **kwargs)
  File "C:\Users\DELL\AppData\Local\Programs\Python\Python313\Lib\site-packages\social_django\views.py", line 33, in complete
    return do_complete(
        request.backend,
    ...<5 lines>...
        **kwargs,
    )
  File "C:\Users\DELL\AppData\Local\Programs\Python\Python313\Lib\site-packages\social_core\actions.py", line 65, in do_complete
    user = backend.complete(*args, user=user, redirect_name=redirect_name, **kwargs)
  File "C:\Users\DELL\AppData\Local\Programs\Python\Python313\Lib\site-packages\social_core\backends\base.py", line 61, in complete
    return self.auth_complete(*args, **kwargs)
           ~~~~~~~~~~~~~~~~~~^^^^^^^^^^^^^^^^^
  File "C:\Users\DELL\AppData\Local\Programs\Python\Python313\Lib\site-packages\social_core\utils.py", line 250, in wrapper
    return func(*args, **kwargs)
  File "C:\Users\DELL\AppData\Local\Programs\Python\Python313\Lib\site-packages\social_core\backends\oauth.py", line 486, in auth_complete
    return self.do_auth(
           ~~~~~~~~~~~~^
        response["access_token"], *args, response=response, **kwargs
        ^^^^^^^^^^^^^^^^^^^^^^^^^^^^^^^^^^^^^^^^^^^^^^^^^^^^^^^^^^^^
    )
    ^
  File "C:\Users\DELL\AppData\Local\Programs\Python\Python313\Lib\site-packages\social_core\utils.py", line 250, in wrapper
    return func(*args, **kwargs)
  File "C:\Users\DELL\AppData\Local\Programs\Python\Python313\Lib\site-packages\social_core\backends\oauth.py", line 499, in do_auth
    return self.strategy.authenticate(*args, **kwargs)
           ~~~~~~~~~~~~~~~~~~~~~~~~~~^^^^^^^^^^^^^^^^^
  File "C:\Users\DELL\AppData\Local\Programs\Python\Python313\Lib\site-packages\social_django\strategy.py", line 121, in authenticate
    return authenticate(*args, **kwargs)
  File "C:\Users\DELL\AppData\Local\Programs\Python\Python313\Lib\site-packages\django\views\decorators\debug.py", line 75, in sensitive_variables_wrapper
    return func(*func_args, **func_kwargs)
  File "C:\Users\DELL\AppData\Local\Programs\Python\Python313\Lib\site-packages\django\contrib\auth\__init__.py", line 114, in authenticate
    user = backend.authenticate(request, **credentials)
  File "C:\Users\DELL\AppData\Local\Programs\Python\Python313\Lib\site-packages\social_core\backends\base.py", line 106, in authenticate
    return self.pipeline(pipeline, *args, **kwargs)
           ~~~~~~~~~~~~~^^^^^^^^^^^^^^^^^^^^^^^^^^^
  File "C:\Users\DELL\AppData\Local\Programs\Python\Python313\Lib\site-packages\social_core\backends\base.py", line 111, in pipeline
    out = self.run_pipeline(pipeline, pipeline_index, *args, **kwargs)
  File "C:\Users\DELL\AppData\Local\Programs\Python\Python313\Lib\site-packages\social_core\backends\base.py", line 145, in run_pipeline
    result = func(*args, **out) or {}
             ~~~~^^^^^^^^^^^^^^
  File "C:\Users\DELL\AppData\Local\Programs\Python\Python313\Lib\site-packages\social_core\pipeline\user.py", line 106, in create_user
    return {"is_new": True, "user": strategy.create_user(**fields)}
                                    ~~~~~~~~~~~~~~~~~~~~^^^^^^^^^^
  File "C:\Users\DELL\AppData\Local\Programs\Python\Python313\Lib\site-packages\social_core\strategy.py", line 73, in create_user
    return self.storage.user.create_user(*args, **kwargs)
           ~~~~~~~~~~~~~~~~~~~~~~~~~~~~~^^^^^^^^^^^^^^^^^
  File "C:\Users\DELL\AppData\Local\Programs\Python\Python313\Lib\site-packages\social_django\storage.py", line 93, in create_user
    raise AuthAlreadyAssociated(None) from exc
social_core.exceptions.AuthAlreadyAssociated: This account is already in use.
WARNING 2026-04-30 20:51:02,266 log Not Found: /favicon.ico
INFO 2026-04-30 20:52:55,568 autoreload C:\Users\DELL\projet_tuteure\backend\driveparc\config\settings.py changed, reloading.
INFO 2026-04-30 20:52:57,302 autoreload Watching for file changes with StatReloader
ERROR 2026-04-30 20:53:13,679 log Internal Server Error: /api/v1/auth/social/complete/google-oauth2/
Traceback (most recent call last):
  File "C:\Users\DELL\AppData\Local\Programs\Python\Python313\Lib\site-packages\django\db\backends\utils.py", line 105, in _execute
    return self.cursor.execute(sql, params)
           ~~~~~~~~~~~~~~~~~~~^^^^^^^^^^^^^
  File "C:\Users\DELL\AppData\Local\Programs\Python\Python313\Lib\site-packages\django\db\backends\mysql\base.py", line 78, in execute
    return self.cursor.execute(query, args)
           ~~~~~~~~~~~~~~~~~~~^^^^^^^^^^^^^
  File "C:\Users\DELL\AppData\Local\Programs\Python\Python313\Lib\site-packages\MySQLdb\cursors.py", line 179, in execute
    res = self._query(mogrified_query)
  File "C:\Users\DELL\AppData\Local\Programs\Python\Python313\Lib\site-packages\MySQLdb\cursors.py", line 330, in _query
    db.query(q)
    ~~~~~~~~^^^
  File "C:\Users\DELL\AppData\Local\Programs\Python\Python313\Lib\site-packages\MySQLdb\connections.py", line 265, in query
    _mysql.connection.query(self, query)
    ~~~~~~~~~~~~~~~~~~~~~~~^^^^^^^^^^^^^
MySQLdb.IntegrityError: (1062, "Duplicata du champ 'foudjalaeti@gmail.com' pour la clef 'users_user.email'")

The above exception was the direct cause of the following exception:

Traceback (most recent call last):
  File "C:\Users\DELL\AppData\Local\Programs\Python\Python313\Lib\site-packages\social_django\storage.py", line 91, in create_user
    return manager.create_user(*args, **kwargs)
           ~~~~~~~~~~~~~~~~~~~^^^^^^^^^^^^^^^^^
  File "C:\Users\DELL\projet_tuteure\backend\driveparc\apps\users\models.py", line 27, in create_user
    user.save(using=self._db)
    ~~~~~~~~~^^^^^^^^^^^^^^^^
  File "C:\Users\DELL\AppData\Local\Programs\Python\Python313\Lib\site-packages\django\contrib\auth\base_user.py", line 62, in save
    super().save(**kwargs)
    ~~~~~~~~~~~~^^^^^^^^^^
  File "C:\Users\DELL\AppData\Local\Programs\Python\Python313\Lib\site-packages\django\db\models\base.py", line 874, in save
    self.save_base(
    ~~~~~~~~~~~~~~^
        using=using,
        ^^^^^^^^^^^^
    ...<2 lines>...
        update_fields=update_fields,
        ^^^^^^^^^^^^^^^^^^^^^^^^^^^^
    )
    ^
  File "C:\Users\DELL\AppData\Local\Programs\Python\Python313\Lib\site-packages\django\db\models\base.py", line 966, in save_base
    updated = self._save_table(
        raw,
    ...<4 lines>...
        update_fields,
    )
  File "C:\Users\DELL\AppData\Local\Programs\Python\Python313\Lib\site-packages\django\db\models\base.py", line 1169, in _save_table
    results = self._do_insert(
        cls._base_manager, using, insert_fields, returning_fields, raw
    )
  File "C:\Users\DELL\AppData\Local\Programs\Python\Python313\Lib\site-packages\django\db\models\base.py", line 1220, in _do_insert
    return manager._insert(
           ~~~~~~~~~~~~~~~^
        [self],
        ^^^^^^^
    ...<3 lines>...
        raw=raw,
        ^^^^^^^^
    )
    ^
  File "C:\Users\DELL\AppData\Local\Programs\Python\Python313\Lib\site-packages\django\db\models\manager.py", line 87, in manager_method
    return getattr(self.get_queryset(), name)(*args, **kwargs)
           ~~~~~~~~~~~~~~~~~~~~~~~~~~~~~~~~~~^^^^^^^^^^^^^^^^^
  File "C:\Users\DELL\AppData\Local\Programs\Python\Python313\Lib\site-packages\django\db\models\query.py", line 1918, in _insert
    return query.get_compiler(using=using).execute_sql(returning_fields)
           ~~~~~~~~~~~~~~~~~~~~~~~~~~~~~~~~~~~~~~~~~~~^^^^^^^^^^^^^^^^^^
  File "C:\Users\DELL\AppData\Local\Programs\Python\Python313\Lib\site-packages\django\db\models\sql\compiler.py", line 1925, in execute_sql
    cursor.execute(sql, params)
    ~~~~~~~~~~~~~~^^^^^^^^^^^^^
  File "C:\Users\DELL\AppData\Local\Programs\Python\Python313\Lib\site-packages\django\db\backends\utils.py", line 122, in execute
    return super().execute(sql, params)
           ~~~~~~~~~~~~~~~^^^^^^^^^^^^^
  File "C:\Users\DELL\AppData\Local\Programs\Python\Python313\Lib\site-packages\django\db\backends\utils.py", line 79, in execute
    return self._execute_with_wrappers(
           ~~~~~~~~~~~~~~~~~~~~~~~~~~~^
        sql, params, many=False, executor=self._execute
        ^^^^^^^^^^^^^^^^^^^^^^^^^^^^^^^^^^^^^^^^^^^^^^^
    )
    ^
  File "C:\Users\DELL\AppData\Local\Programs\Python\Python313\Lib\site-packages\django\db\backends\utils.py", line 92, in _execute_with_wrappers
    return executor(sql, params, many, context)
  File "C:\Users\DELL\AppData\Local\Programs\Python\Python313\Lib\site-packages\django\db\backends\utils.py", line 100, in _execute
    with self.db.wrap_database_errors:
         ^^^^^^^^^^^^^^^^^^^^^^^^^^^^
  File "C:\Users\DELL\AppData\Local\Programs\Python\Python313\Lib\site-packages\django\db\utils.py", line 94, in __exit__
    raise dj_exc_value.with_traceback(traceback) from exc_value
  File "C:\Users\DELL\AppData\Local\Programs\Python\Python313\Lib\site-packages\django\db\backends\utils.py", line 105, in _execute
    return self.cursor.execute(sql, params)
           ~~~~~~~~~~~~~~~~~~~^^^^^^^^^^^^^
  File "C:\Users\DELL\AppData\Local\Programs\Python\Python313\Lib\site-packages\django\db\backends\mysql\base.py", line 78, in execute
    return self.cursor.execute(query, args)
           ~~~~~~~~~~~~~~~~~~~^^^^^^^^^^^^^
  File "C:\Users\DELL\AppData\Local\Programs\Python\Python313\Lib\site-packages\MySQLdb\cursors.py", line 179, in execute
    res = self._query(mogrified_query)
  File "C:\Users\DELL\AppData\Local\Programs\Python\Python313\Lib\site-packages\MySQLdb\cursors.py", line 330, in _query
    db.query(q)
    ~~~~~~~~^^^
  File "C:\Users\DELL\AppData\Local\Programs\Python\Python313\Lib\site-packages\MySQLdb\connections.py", line 265, in query
    _mysql.connection.query(self, query)
    ~~~~~~~~~~~~~~~~~~~~~~~^^^^^^^^^^^^^
django.db.utils.IntegrityError: (1062, "Duplicata du champ 'foudjalaeti@gmail.com' pour la clef 'users_user.email'")

The above exception was the direct cause of the following exception:

Traceback (most recent call last):
  File "C:\Users\DELL\AppData\Local\Programs\Python\Python313\Lib\site-packages\django\core\handlers\exception.py", line 55, in inner
    response = get_response(request)
  File "C:\Users\DELL\AppData\Local\Programs\Python\Python313\Lib\site-packages\django\core\handlers\base.py", line 198, in _get_response
    response = wrapped_callback(request, *callback_args, **callback_kwargs)
  File "C:\Users\DELL\AppData\Local\Programs\Python\Python313\Lib\site-packages\django\views\decorators\cache.py", line 80, in _view_wrapper
    response = view_func(request, *args, **kwargs)
  File "C:\Users\DELL\AppData\Local\Programs\Python\Python313\Lib\site-packages\django\views\decorators\csrf.py", line 65, in _view_wrapper
    return view_func(request, *args, **kwargs)
  File "C:\Users\DELL\AppData\Local\Programs\Python\Python313\Lib\site-packages\social_django\utils.py", line 44, in wrapper
    return func(request, backend, *args, **kwargs)
  File "C:\Users\DELL\AppData\Local\Programs\Python\Python313\Lib\site-packages\social_django\views.py", line 33, in complete
    return do_complete(
        request.backend,
    ...<5 lines>...
        **kwargs,
    )
  File "C:\Users\DELL\AppData\Local\Programs\Python\Python313\Lib\site-packages\social_core\actions.py", line 65, in do_complete
    user = backend.complete(*args, user=user, redirect_name=redirect_name, **kwargs)
  File "C:\Users\DELL\AppData\Local\Programs\Python\Python313\Lib\site-packages\social_core\backends\base.py", line 61, in complete
    return self.auth_complete(*args, **kwargs)
           ~~~~~~~~~~~~~~~~~~^^^^^^^^^^^^^^^^^
  File "C:\Users\DELL\AppData\Local\Programs\Python\Python313\Lib\site-packages\social_core\utils.py", line 250, in wrapper
    return func(*args, **kwargs)
  File "C:\Users\DELL\AppData\Local\Programs\Python\Python313\Lib\site-packages\social_core\backends\oauth.py", line 486, in auth_complete
    return self.do_auth(
           ~~~~~~~~~~~~^
        response["access_token"], *args, response=response, **kwargs
        ^^^^^^^^^^^^^^^^^^^^^^^^^^^^^^^^^^^^^^^^^^^^^^^^^^^^^^^^^^^^
    )
    ^
  File "C:\Users\DELL\AppData\Local\Programs\Python\Python313\Lib\site-packages\social_core\utils.py", line 250, in wrapper
    return func(*args, **kwargs)
  File "C:\Users\DELL\AppData\Local\Programs\Python\Python313\Lib\site-packages\social_core\backends\oauth.py", line 499, in do_auth
    return self.strategy.authenticate(*args, **kwargs)
           ~~~~~~~~~~~~~~~~~~~~~~~~~~^^^^^^^^^^^^^^^^^
  File "C:\Users\DELL\AppData\Local\Programs\Python\Python313\Lib\site-packages\social_django\strategy.py", line 121, in authenticate
    return authenticate(*args, **kwargs)
  File "C:\Users\DELL\AppData\Local\Programs\Python\Python313\Lib\site-packages\django\views\decorators\debug.py", line 75, in sensitive_variables_wrapper
    return func(*func_args, **func_kwargs)
  File "C:\Users\DELL\AppData\Local\Programs\Python\Python313\Lib\site-packages\django\contrib\auth\__init__.py", line 114, in authenticate
    user = backend.authenticate(request, **credentials)
  File "C:\Users\DELL\AppData\Local\Programs\Python\Python313\Lib\site-packages\social_core\backends\base.py", line 106, in authenticate
    return self.pipeline(pipeline, *args, **kwargs)
           ~~~~~~~~~~~~~^^^^^^^^^^^^^^^^^^^^^^^^^^^
  File "C:\Users\DELL\AppData\Local\Programs\Python\Python313\Lib\site-packages\social_core\backends\base.py", line 111, in pipeline
    out = self.run_pipeline(pipeline, pipeline_index, *args, **kwargs)
  File "C:\Users\DELL\AppData\Local\Programs\Python\Python313\Lib\site-packages\social_core\backends\base.py", line 145, in run_pipeline
    result = func(*args, **out) or {}
             ~~~~^^^^^^^^^^^^^^
  File "C:\Users\DELL\AppData\Local\Programs\Python\Python313\Lib\site-packages\social_core\pipeline\user.py", line 106, in create_user
    return {"is_new": True, "user": strategy.create_user(**fields)}
                                    ~~~~~~~~~~~~~~~~~~~~^^^^^^^^^^
  File "C:\Users\DELL\AppData\Local\Programs\Python\Python313\Lib\site-packages\social_core\strategy.py", line 73, in create_user
    return self.storage.user.create_user(*args, **kwargs)
           ~~~~~~~~~~~~~~~~~~~~~~~~~~~~~^^^^^^^^^^^^^^^^^
  File "C:\Users\DELL\AppData\Local\Programs\Python\Python313\Lib\site-packages\social_django\storage.py", line 93, in create_user
    raise AuthAlreadyAssociated(None) from exc
social_core.exceptions.AuthAlreadyAssociated: This account is already in use.
ERROR 2026-04-30 20:53:25,563 utils Request failed with 400: {
  "error": "invalid_grant",
  "error_description": "Bad Request"
}
Traceback (most recent call last):
  File "C:\Users\DELL\AppData\Local\Programs\Python\Python313\Lib\site-packages\social_core\utils.py", line 250, in wrapper
    return func(*args, **kwargs)
  File "C:\Users\DELL\AppData\Local\Programs\Python\Python313\Lib\site-packages\social_core\backends\oauth.py", line 477, in auth_complete
    response = self.request_access_token(
        self.access_token_url(),
    ...<4 lines>...
        method=self.ACCESS_TOKEN_METHOD,
    )
  File "C:\Users\DELL\AppData\Local\Programs\Python\Python313\Lib\site-packages\social_core\backends\oauth.py", line 454, in request_access_token
    return self.get_json(
           ~~~~~~~~~~~~~^
        url, method=method, headers=headers, data=data, auth=auth, params=params
        ^^^^^^^^^^^^^^^^^^^^^^^^^^^^^^^^^^^^^^^^^^^^^^^^^^^^^^^^^^^^^^^^^^^^^^^^
    )
    ^
  File "C:\Users\DELL\AppData\Local\Programs\Python\Python313\Lib\site-packages\social_core\backends\base.py", line 322, in get_json
    return self.request(
           ~~~~~~~~~~~~^
        url,
        ^^^^
    ...<5 lines>...
        timeout=timeout,
        ^^^^^^^^^^^^^^^^
    ).json()
    ^
  File "C:\Users\DELL\AppData\Local\Programs\Python\Python313\Lib\site-packages\social_core\backends\base.py", line 309, in request
    response.raise_for_status()
    ~~~~~~~~~~~~~~~~~~~~~~~~~^^
  File "C:\Users\DELL\AppData\Local\Programs\Python\Python313\Lib\site-packages\requests\models.py", line 1026, in raise_for_status
    raise HTTPError(http_error_msg, response=self)
requests.exceptions.HTTPError: 400 Client Error: Bad Request for url: https://accounts.google.com/o/oauth2/token
ERROR 2026-04-30 20:53:25,635 log Internal Server Error: /api/v1/auth/social/complete/google-oauth2/
Traceback (most recent call last):
  File "C:\Users\DELL\AppData\Local\Programs\Python\Python313\Lib\site-packages\social_core\utils.py", line 250, in wrapper
    return func(*args, **kwargs)
  File "C:\Users\DELL\AppData\Local\Programs\Python\Python313\Lib\site-packages\social_core\backends\oauth.py", line 477, in auth_complete
    response = self.request_access_token(
        self.access_token_url(),
    ...<4 lines>...
        method=self.ACCESS_TOKEN_METHOD,
    )
  File "C:\Users\DELL\AppData\Local\Programs\Python\Python313\Lib\site-packages\social_core\backends\oauth.py", line 454, in request_access_token
    return self.get_json(
           ~~~~~~~~~~~~~^
        url, method=method, headers=headers, data=data, auth=auth, params=params
        ^^^^^^^^^^^^^^^^^^^^^^^^^^^^^^^^^^^^^^^^^^^^^^^^^^^^^^^^^^^^^^^^^^^^^^^^
    )
    ^
  File "C:\Users\DELL\AppData\Local\Programs\Python\Python313\Lib\site-packages\social_core\backends\base.py", line 322, in get_json
    return self.request(
           ~~~~~~~~~~~~^
        url,
        ^^^^
    ...<5 lines>...
        timeout=timeout,
        ^^^^^^^^^^^^^^^^
    ).json()
    ^
  File "C:\Users\DELL\AppData\Local\Programs\Python\Python313\Lib\site-packages\social_core\backends\base.py", line 309, in request
    response.raise_for_status()
    ~~~~~~~~~~~~~~~~~~~~~~~~~^^
  File "C:\Users\DELL\AppData\Local\Programs\Python\Python313\Lib\site-packages\requests\models.py", line 1026, in raise_for_status
    raise HTTPError(http_error_msg, response=self)
requests.exceptions.HTTPError: 400 Client Error: Bad Request for url: https://accounts.google.com/o/oauth2/token

During handling of the above exception, another exception occurred:

Traceback (most recent call last):
  File "C:\Users\DELL\AppData\Local\Programs\Python\Python313\Lib\site-packages\django\core\handlers\exception.py", line 55, in inner
    response = get_response(request)
  File "C:\Users\DELL\AppData\Local\Programs\Python\Python313\Lib\site-packages\django\core\handlers\base.py", line 198, in _get_response
    response = wrapped_callback(request, *callback_args, **callback_kwargs)
  File "C:\Users\DELL\AppData\Local\Programs\Python\Python313\Lib\site-packages\django\views\decorators\cache.py", line 80, in _view_wrapper
    response = view_func(request, *args, **kwargs)
  File "C:\Users\DELL\AppData\Local\Programs\Python\Python313\Lib\site-packages\django\views\decorators\csrf.py", line 65, in _view_wrapper
    return view_func(request, *args, **kwargs)
  File "C:\Users\DELL\AppData\Local\Programs\Python\Python313\Lib\site-packages\social_django\utils.py", line 44, in wrapper
    return func(request, backend, *args, **kwargs)
  File "C:\Users\DELL\AppData\Local\Programs\Python\Python313\Lib\site-packages\social_django\views.py", line 33, in complete
    return do_complete(
        request.backend,
    ...<5 lines>...
        **kwargs,
    )
  File "C:\Users\DELL\AppData\Local\Programs\Python\Python313\Lib\site-packages\social_core\actions.py", line 65, in do_complete
    user = backend.complete(*args, user=user, redirect_name=redirect_name, **kwargs)
  File "C:\Users\DELL\AppData\Local\Programs\Python\Python313\Lib\site-packages\social_core\backends\base.py", line 61, in complete
    return self.auth_complete(*args, **kwargs)
           ~~~~~~~~~~~~~~~~~~^^^^^^^^^^^^^^^^^
  File "C:\Users\DELL\AppData\Local\Programs\Python\Python313\Lib\site-packages\social_core\utils.py", line 259, in wrapper
    raise AuthCanceled(args[0], response=err.response)
social_core.exceptions.AuthCanceled: Authentication process canceled
ERROR 2026-04-30 20:54:17,775 log Internal Server Error: /api/v1/auth/social/complete/google-oauth2/
Traceback (most recent call last):
  File "C:\Users\DELL\AppData\Local\Programs\Python\Python313\Lib\site-packages\django\db\backends\utils.py", line 105, in _execute
    return self.cursor.execute(sql, params)
           ~~~~~~~~~~~~~~~~~~~^^^^^^^^^^^^^
  File "C:\Users\DELL\AppData\Local\Programs\Python\Python313\Lib\site-packages\django\db\backends\mysql\base.py", line 78, in execute
    return self.cursor.execute(query, args)
           ~~~~~~~~~~~~~~~~~~~^^^^^^^^^^^^^
  File "C:\Users\DELL\AppData\Local\Programs\Python\Python313\Lib\site-packages\MySQLdb\cursors.py", line 179, in execute
    res = self._query(mogrified_query)
  File "C:\Users\DELL\AppData\Local\Programs\Python\Python313\Lib\site-packages\MySQLdb\cursors.py", line 330, in _query
    db.query(q)
    ~~~~~~~~^^^
  File "C:\Users\DELL\AppData\Local\Programs\Python\Python313\Lib\site-packages\MySQLdb\connections.py", line 265, in query
    _mysql.connection.query(self, query)
    ~~~~~~~~~~~~~~~~~~~~~~~^^^^^^^^^^^^^
MySQLdb.IntegrityError: (1062, "Duplicata du champ 'foudjalaeti@gmail.com' pour la clef 'users_user.email'")

The above exception was the direct cause of the following exception:

Traceback (most recent call last):
  File "C:\Users\DELL\AppData\Local\Programs\Python\Python313\Lib\site-packages\social_django\storage.py", line 91, in create_user
    return manager.create_user(*args, **kwargs)
           ~~~~~~~~~~~~~~~~~~~^^^^^^^^^^^^^^^^^
  File "C:\Users\DELL\projet_tuteure\backend\driveparc\apps\users\models.py", line 27, in create_user
    user.save(using=self._db)
    ~~~~~~~~~^^^^^^^^^^^^^^^^
  File "C:\Users\DELL\AppData\Local\Programs\Python\Python313\Lib\site-packages\django\contrib\auth\base_user.py", line 62, in save
    super().save(**kwargs)
    ~~~~~~~~~~~~^^^^^^^^^^
  File "C:\Users\DELL\AppData\Local\Programs\Python\Python313\Lib\site-packages\django\db\models\base.py", line 874, in save
    self.save_base(
    ~~~~~~~~~~~~~~^
        using=using,
        ^^^^^^^^^^^^
    ...<2 lines>...
        update_fields=update_fields,
        ^^^^^^^^^^^^^^^^^^^^^^^^^^^^
    )
    ^
  File "C:\Users\DELL\AppData\Local\Programs\Python\Python313\Lib\site-packages\django\db\models\base.py", line 966, in save_base
    updated = self._save_table(
        raw,
    ...<4 lines>...
        update_fields,
    )
  File "C:\Users\DELL\AppData\Local\Programs\Python\Python313\Lib\site-packages\django\db\models\base.py", line 1169, in _save_table
    results = self._do_insert(
        cls._base_manager, using, insert_fields, returning_fields, raw
    )
  File "C:\Users\DELL\AppData\Local\Programs\Python\Python313\Lib\site-packages\django\db\models\base.py", line 1220, in _do_insert
    return manager._insert(
           ~~~~~~~~~~~~~~~^
        [self],
        ^^^^^^^
    ...<3 lines>...
        raw=raw,
        ^^^^^^^^
    )
    ^
  File "C:\Users\DELL\AppData\Local\Programs\Python\Python313\Lib\site-packages\django\db\models\manager.py", line 87, in manager_method
    return getattr(self.get_queryset(), name)(*args, **kwargs)
           ~~~~~~~~~~~~~~~~~~~~~~~~~~~~~~~~~~^^^^^^^^^^^^^^^^^
  File "C:\Users\DELL\AppData\Local\Programs\Python\Python313\Lib\site-packages\django\db\models\query.py", line 1918, in _insert
    return query.get_compiler(using=using).execute_sql(returning_fields)
           ~~~~~~~~~~~~~~~~~~~~~~~~~~~~~~~~~~~~~~~~~~~^^^^^^^^^^^^^^^^^^
  File "C:\Users\DELL\AppData\Local\Programs\Python\Python313\Lib\site-packages\django\db\models\sql\compiler.py", line 1925, in execute_sql
    cursor.execute(sql, params)
    ~~~~~~~~~~~~~~^^^^^^^^^^^^^
  File "C:\Users\DELL\AppData\Local\Programs\Python\Python313\Lib\site-packages\django\db\backends\utils.py", line 122, in execute
    return super().execute(sql, params)
           ~~~~~~~~~~~~~~~^^^^^^^^^^^^^
  File "C:\Users\DELL\AppData\Local\Programs\Python\Python313\Lib\site-packages\django\db\backends\utils.py", line 79, in execute
    return self._execute_with_wrappers(
           ~~~~~~~~~~~~~~~~~~~~~~~~~~~^
        sql, params, many=False, executor=self._execute
        ^^^^^^^^^^^^^^^^^^^^^^^^^^^^^^^^^^^^^^^^^^^^^^^
    )
    ^
  File "C:\Users\DELL\AppData\Local\Programs\Python\Python313\Lib\site-packages\django\db\backends\utils.py", line 92, in _execute_with_wrappers
    return executor(sql, params, many, context)
  File "C:\Users\DELL\AppData\Local\Programs\Python\Python313\Lib\site-packages\django\db\backends\utils.py", line 100, in _execute
    with self.db.wrap_database_errors:
         ^^^^^^^^^^^^^^^^^^^^^^^^^^^^
  File "C:\Users\DELL\AppData\Local\Programs\Python\Python313\Lib\site-packages\django\db\utils.py", line 94, in __exit__
    raise dj_exc_value.with_traceback(traceback) from exc_value
  File "C:\Users\DELL\AppData\Local\Programs\Python\Python313\Lib\site-packages\django\db\backends\utils.py", line 105, in _execute
    return self.cursor.execute(sql, params)
           ~~~~~~~~~~~~~~~~~~~^^^^^^^^^^^^^
  File "C:\Users\DELL\AppData\Local\Programs\Python\Python313\Lib\site-packages\django\db\backends\mysql\base.py", line 78, in execute
    return self.cursor.execute(query, args)
           ~~~~~~~~~~~~~~~~~~~^^^^^^^^^^^^^
  File "C:\Users\DELL\AppData\Local\Programs\Python\Python313\Lib\site-packages\MySQLdb\cursors.py", line 179, in execute
    res = self._query(mogrified_query)
  File "C:\Users\DELL\AppData\Local\Programs\Python\Python313\Lib\site-packages\MySQLdb\cursors.py", line 330, in _query
    db.query(q)
    ~~~~~~~~^^^
  File "C:\Users\DELL\AppData\Local\Programs\Python\Python313\Lib\site-packages\MySQLdb\connections.py", line 265, in query
    _mysql.connection.query(self, query)
    ~~~~~~~~~~~~~~~~~~~~~~~^^^^^^^^^^^^^
django.db.utils.IntegrityError: (1062, "Duplicata du champ 'foudjalaeti@gmail.com' pour la clef 'users_user.email'")

The above exception was the direct cause of the following exception:

Traceback (most recent call last):
  File "C:\Users\DELL\AppData\Local\Programs\Python\Python313\Lib\site-packages\django\core\handlers\exception.py", line 55, in inner
    response = get_response(request)
  File "C:\Users\DELL\AppData\Local\Programs\Python\Python313\Lib\site-packages\django\core\handlers\base.py", line 198, in _get_response
    response = wrapped_callback(request, *callback_args, **callback_kwargs)
  File "C:\Users\DELL\AppData\Local\Programs\Python\Python313\Lib\site-packages\django\views\decorators\cache.py", line 80, in _view_wrapper
    response = view_func(request, *args, **kwargs)
  File "C:\Users\DELL\AppData\Local\Programs\Python\Python313\Lib\site-packages\django\views\decorators\csrf.py", line 65, in _view_wrapper
    return view_func(request, *args, **kwargs)
  File "C:\Users\DELL\AppData\Local\Programs\Python\Python313\Lib\site-packages\social_django\utils.py", line 44, in wrapper
    return func(request, backend, *args, **kwargs)
  File "C:\Users\DELL\AppData\Local\Programs\Python\Python313\Lib\site-packages\social_django\views.py", line 33, in complete
    return do_complete(
        request.backend,
    ...<5 lines>...
        **kwargs,
    )
  File "C:\Users\DELL\AppData\Local\Programs\Python\Python313\Lib\site-packages\social_core\actions.py", line 65, in do_complete
    user = backend.complete(*args, user=user, redirect_name=redirect_name, **kwargs)
  File "C:\Users\DELL\AppData\Local\Programs\Python\Python313\Lib\site-packages\social_core\backends\base.py", line 61, in complete
    return self.auth_complete(*args, **kwargs)
           ~~~~~~~~~~~~~~~~~~^^^^^^^^^^^^^^^^^
  File "C:\Users\DELL\AppData\Local\Programs\Python\Python313\Lib\site-packages\social_core\utils.py", line 250, in wrapper
    return func(*args, **kwargs)
  File "C:\Users\DELL\AppData\Local\Programs\Python\Python313\Lib\site-packages\social_core\backends\oauth.py", line 486, in auth_complete
    return self.do_auth(
           ~~~~~~~~~~~~^
        response["access_token"], *args, response=response, **kwargs
        ^^^^^^^^^^^^^^^^^^^^^^^^^^^^^^^^^^^^^^^^^^^^^^^^^^^^^^^^^^^^
    )
    ^
  File "C:\Users\DELL\AppData\Local\Programs\Python\Python313\Lib\site-packages\social_core\utils.py", line 250, in wrapper
    return func(*args, **kwargs)
  File "C:\Users\DELL\AppData\Local\Programs\Python\Python313\Lib\site-packages\social_core\backends\oauth.py", line 499, in do_auth
    return self.strategy.authenticate(*args, **kwargs)
           ~~~~~~~~~~~~~~~~~~~~~~~~~~^^^^^^^^^^^^^^^^^
  File "C:\Users\DELL\AppData\Local\Programs\Python\Python313\Lib\site-packages\social_django\strategy.py", line 121, in authenticate
    return authenticate(*args, **kwargs)
  File "C:\Users\DELL\AppData\Local\Programs\Python\Python313\Lib\site-packages\django\views\decorators\debug.py", line 75, in sensitive_variables_wrapper
    return func(*func_args, **func_kwargs)
  File "C:\Users\DELL\AppData\Local\Programs\Python\Python313\Lib\site-packages\django\contrib\auth\__init__.py", line 114, in authenticate
    user = backend.authenticate(request, **credentials)
  File "C:\Users\DELL\AppData\Local\Programs\Python\Python313\Lib\site-packages\social_core\backends\base.py", line 106, in authenticate
    return self.pipeline(pipeline, *args, **kwargs)
           ~~~~~~~~~~~~~^^^^^^^^^^^^^^^^^^^^^^^^^^^
  File "C:\Users\DELL\AppData\Local\Programs\Python\Python313\Lib\site-packages\social_core\backends\base.py", line 111, in pipeline
    out = self.run_pipeline(pipeline, pipeline_index, *args, **kwargs)
  File "C:\Users\DELL\AppData\Local\Programs\Python\Python313\Lib\site-packages\social_core\backends\base.py", line 145, in run_pipeline
    result = func(*args, **out) or {}
             ~~~~^^^^^^^^^^^^^^
  File "C:\Users\DELL\AppData\Local\Programs\Python\Python313\Lib\site-packages\social_core\pipeline\user.py", line 106, in create_user
    return {"is_new": True, "user": strategy.create_user(**fields)}
                                    ~~~~~~~~~~~~~~~~~~~~^^^^^^^^^^
  File "C:\Users\DELL\AppData\Local\Programs\Python\Python313\Lib\site-packages\social_core\strategy.py", line 73, in create_user
    return self.storage.user.create_user(*args, **kwargs)
           ~~~~~~~~~~~~~~~~~~~~~~~~~~~~~^^^^^^^^^^^^^^^^^
  File "C:\Users\DELL\AppData\Local\Programs\Python\Python313\Lib\site-packages\social_django\storage.py", line 93, in create_user
    raise AuthAlreadyAssociated(None) from exc
social_core.exceptions.AuthAlreadyAssociated: This account is already in use.
ERROR 2026-04-30 20:54:32,031 log Internal Server Error: /api/v1/auth/social/complete/google-oauth2/
Traceback (most recent call last):
  File "C:\Users\DELL\AppData\Local\Programs\Python\Python313\Lib\site-packages\django\db\backends\utils.py", line 105, in _execute
    return self.cursor.execute(sql, params)
           ~~~~~~~~~~~~~~~~~~~^^^^^^^^^^^^^
  File "C:\Users\DELL\AppData\Local\Programs\Python\Python313\Lib\site-packages\django\db\backends\mysql\base.py", line 78, in execute
    return self.cursor.execute(query, args)
           ~~~~~~~~~~~~~~~~~~~^^^^^^^^^^^^^
  File "C:\Users\DELL\AppData\Local\Programs\Python\Python313\Lib\site-packages\MySQLdb\cursors.py", line 179, in execute
    res = self._query(mogrified_query)
  File "C:\Users\DELL\AppData\Local\Programs\Python\Python313\Lib\site-packages\MySQLdb\cursors.py", line 330, in _query
    db.query(q)
    ~~~~~~~~^^^
  File "C:\Users\DELL\AppData\Local\Programs\Python\Python313\Lib\site-packages\MySQLdb\connections.py", line 265, in query
    _mysql.connection.query(self, query)
    ~~~~~~~~~~~~~~~~~~~~~~~^^^^^^^^^^^^^
MySQLdb.IntegrityError: (1062, "Duplicata du champ 'foudjalaeti@gmail.com' pour la clef 'users_user.email'")

The above exception was the direct cause of the following exception:

Traceback (most recent call last):
  File "C:\Users\DELL\AppData\Local\Programs\Python\Python313\Lib\site-packages\social_django\storage.py", line 91, in create_user
    return manager.create_user(*args, **kwargs)
           ~~~~~~~~~~~~~~~~~~~^^^^^^^^^^^^^^^^^
  File "C:\Users\DELL\projet_tuteure\backend\driveparc\apps\users\models.py", line 27, in create_user
    user.save(using=self._db)
    ~~~~~~~~~^^^^^^^^^^^^^^^^
  File "C:\Users\DELL\AppData\Local\Programs\Python\Python313\Lib\site-packages\django\contrib\auth\base_user.py", line 62, in save
    super().save(**kwargs)
    ~~~~~~~~~~~~^^^^^^^^^^
  File "C:\Users\DELL\AppData\Local\Programs\Python\Python313\Lib\site-packages\django\db\models\base.py", line 874, in save
    self.save_base(
    ~~~~~~~~~~~~~~^
        using=using,
        ^^^^^^^^^^^^
    ...<2 lines>...
        update_fields=update_fields,
        ^^^^^^^^^^^^^^^^^^^^^^^^^^^^
    )
    ^
  File "C:\Users\DELL\AppData\Local\Programs\Python\Python313\Lib\site-packages\django\db\models\base.py", line 966, in save_base
    updated = self._save_table(
        raw,
    ...<4 lines>...
        update_fields,
    )
  File "C:\Users\DELL\AppData\Local\Programs\Python\Python313\Lib\site-packages\django\db\models\base.py", line 1169, in _save_table
    results = self._do_insert(
        cls._base_manager, using, insert_fields, returning_fields, raw
    )
  File "C:\Users\DELL\AppData\Local\Programs\Python\Python313\Lib\site-packages\django\db\models\base.py", line 1220, in _do_insert
    return manager._insert(
           ~~~~~~~~~~~~~~~^
        [self],
        ^^^^^^^
    ...<3 lines>...
        raw=raw,
        ^^^^^^^^
    )
    ^
  File "C:\Users\DELL\AppData\Local\Programs\Python\Python313\Lib\site-packages\django\db\models\manager.py", line 87, in manager_method
    return getattr(self.get_queryset(), name)(*args, **kwargs)
           ~~~~~~~~~~~~~~~~~~~~~~~~~~~~~~~~~~^^^^^^^^^^^^^^^^^
  File "C:\Users\DELL\AppData\Local\Programs\Python\Python313\Lib\site-packages\django\db\models\query.py", line 1918, in _insert
    return query.get_compiler(using=using).execute_sql(returning_fields)
           ~~~~~~~~~~~~~~~~~~~~~~~~~~~~~~~~~~~~~~~~~~~^^^^^^^^^^^^^^^^^^
  File "C:\Users\DELL\AppData\Local\Programs\Python\Python313\Lib\site-packages\django\db\models\sql\compiler.py", line 1925, in execute_sql
    cursor.execute(sql, params)
    ~~~~~~~~~~~~~~^^^^^^^^^^^^^
  File "C:\Users\DELL\AppData\Local\Programs\Python\Python313\Lib\site-packages\django\db\backends\utils.py", line 122, in execute
    return super().execute(sql, params)
           ~~~~~~~~~~~~~~~^^^^^^^^^^^^^
  File "C:\Users\DELL\AppData\Local\Programs\Python\Python313\Lib\site-packages\django\db\backends\utils.py", line 79, in execute
    return self._execute_with_wrappers(
           ~~~~~~~~~~~~~~~~~~~~~~~~~~~^
        sql, params, many=False, executor=self._execute
        ^^^^^^^^^^^^^^^^^^^^^^^^^^^^^^^^^^^^^^^^^^^^^^^
    )
    ^
  File "C:\Users\DELL\AppData\Local\Programs\Python\Python313\Lib\site-packages\django\db\backends\utils.py", line 92, in _execute_with_wrappers
    return executor(sql, params, many, context)
  File "C:\Users\DELL\AppData\Local\Programs\Python\Python313\Lib\site-packages\django\db\backends\utils.py", line 100, in _execute
    with self.db.wrap_database_errors:
         ^^^^^^^^^^^^^^^^^^^^^^^^^^^^
  File "C:\Users\DELL\AppData\Local\Programs\Python\Python313\Lib\site-packages\django\db\utils.py", line 94, in __exit__
    raise dj_exc_value.with_traceback(traceback) from exc_value
  File "C:\Users\DELL\AppData\Local\Programs\Python\Python313\Lib\site-packages\django\db\backends\utils.py", line 105, in _execute
    return self.cursor.execute(sql, params)
           ~~~~~~~~~~~~~~~~~~~^^^^^^^^^^^^^
  File "C:\Users\DELL\AppData\Local\Programs\Python\Python313\Lib\site-packages\django\db\backends\mysql\base.py", line 78, in execute
    return self.cursor.execute(query, args)
           ~~~~~~~~~~~~~~~~~~~^^^^^^^^^^^^^
  File "C:\Users\DELL\AppData\Local\Programs\Python\Python313\Lib\site-packages\MySQLdb\cursors.py", line 179, in execute
    res = self._query(mogrified_query)
  File "C:\Users\DELL\AppData\Local\Programs\Python\Python313\Lib\site-packages\MySQLdb\cursors.py", line 330, in _query
    db.query(q)
    ~~~~~~~~^^^
  File "C:\Users\DELL\AppData\Local\Programs\Python\Python313\Lib\site-packages\MySQLdb\connections.py", line 265, in query
    _mysql.connection.query(self, query)
    ~~~~~~~~~~~~~~~~~~~~~~~^^^^^^^^^^^^^
django.db.utils.IntegrityError: (1062, "Duplicata du champ 'foudjalaeti@gmail.com' pour la clef 'users_user.email'")

The above exception was the direct cause of the following exception:

Traceback (most recent call last):
  File "C:\Users\DELL\AppData\Local\Programs\Python\Python313\Lib\site-packages\django\core\handlers\exception.py", line 55, in inner
    response = get_response(request)
  File "C:\Users\DELL\AppData\Local\Programs\Python\Python313\Lib\site-packages\django\core\handlers\base.py", line 198, in _get_response
    response = wrapped_callback(request, *callback_args, **callback_kwargs)
  File "C:\Users\DELL\AppData\Local\Programs\Python\Python313\Lib\site-packages\django\views\decorators\cache.py", line 80, in _view_wrapper
    response = view_func(request, *args, **kwargs)
  File "C:\Users\DELL\AppData\Local\Programs\Python\Python313\Lib\site-packages\django\views\decorators\csrf.py", line 65, in _view_wrapper
    return view_func(request, *args, **kwargs)
  File "C:\Users\DELL\AppData\Local\Programs\Python\Python313\Lib\site-packages\social_django\utils.py", line 44, in wrapper
    return func(request, backend, *args, **kwargs)
  File "C:\Users\DELL\AppData\Local\Programs\Python\Python313\Lib\site-packages\social_django\views.py", line 33, in complete
    return do_complete(
        request.backend,
    ...<5 lines>...
        **kwargs,
    )
  File "C:\Users\DELL\AppData\Local\Programs\Python\Python313\Lib\site-packages\social_core\actions.py", line 65, in do_complete
    user = backend.complete(*args, user=user, redirect_name=redirect_name, **kwargs)
  File "C:\Users\DELL\AppData\Local\Programs\Python\Python313\Lib\site-packages\social_core\backends\base.py", line 61, in complete
    return self.auth_complete(*args, **kwargs)
           ~~~~~~~~~~~~~~~~~~^^^^^^^^^^^^^^^^^
  File "C:\Users\DELL\AppData\Local\Programs\Python\Python313\Lib\site-packages\social_core\utils.py", line 250, in wrapper
    return func(*args, **kwargs)
  File "C:\Users\DELL\AppData\Local\Programs\Python\Python313\Lib\site-packages\social_core\backends\oauth.py", line 486, in auth_complete
    return self.do_auth(
           ~~~~~~~~~~~~^
        response["access_token"], *args, response=response, **kwargs
        ^^^^^^^^^^^^^^^^^^^^^^^^^^^^^^^^^^^^^^^^^^^^^^^^^^^^^^^^^^^^
    )
    ^
  File "C:\Users\DELL\AppData\Local\Programs\Python\Python313\Lib\site-packages\social_core\utils.py", line 250, in wrapper
    return func(*args, **kwargs)
  File "C:\Users\DELL\AppData\Local\Programs\Python\Python313\Lib\site-packages\social_core\backends\oauth.py", line 499, in do_auth
    return self.strategy.authenticate(*args, **kwargs)
           ~~~~~~~~~~~~~~~~~~~~~~~~~~^^^^^^^^^^^^^^^^^
  File "C:\Users\DELL\AppData\Local\Programs\Python\Python313\Lib\site-packages\social_django\strategy.py", line 121, in authenticate
    return authenticate(*args, **kwargs)
  File "C:\Users\DELL\AppData\Local\Programs\Python\Python313\Lib\site-packages\django\views\decorators\debug.py", line 75, in sensitive_variables_wrapper
    return func(*func_args, **func_kwargs)
  File "C:\Users\DELL\AppData\Local\Programs\Python\Python313\Lib\site-packages\django\contrib\auth\__init__.py", line 114, in authenticate
    user = backend.authenticate(request, **credentials)
  File "C:\Users\DELL\AppData\Local\Programs\Python\Python313\Lib\site-packages\social_core\backends\base.py", line 106, in authenticate
    return self.pipeline(pipeline, *args, **kwargs)
           ~~~~~~~~~~~~~^^^^^^^^^^^^^^^^^^^^^^^^^^^
  File "C:\Users\DELL\AppData\Local\Programs\Python\Python313\Lib\site-packages\social_core\backends\base.py", line 111, in pipeline
    out = self.run_pipeline(pipeline, pipeline_index, *args, **kwargs)
  File "C:\Users\DELL\AppData\Local\Programs\Python\Python313\Lib\site-packages\social_core\backends\base.py", line 145, in run_pipeline
    result = func(*args, **out) or {}
             ~~~~^^^^^^^^^^^^^^
  File "C:\Users\DELL\AppData\Local\Programs\Python\Python313\Lib\site-packages\social_core\pipeline\user.py", line 106, in create_user
    return {"is_new": True, "user": strategy.create_user(**fields)}
                                    ~~~~~~~~~~~~~~~~~~~~^^^^^^^^^^
  File "C:\Users\DELL\AppData\Local\Programs\Python\Python313\Lib\site-packages\social_core\strategy.py", line 73, in create_user
    return self.storage.user.create_user(*args, **kwargs)
           ~~~~~~~~~~~~~~~~~~~~~~~~~~~~~^^^^^^^^^^^^^^^^^
  File "C:\Users\DELL\AppData\Local\Programs\Python\Python313\Lib\site-packages\social_django\storage.py", line 93, in create_user
    raise AuthAlreadyAssociated(None) from exc
social_core.exceptions.AuthAlreadyAssociated: This account is already in use.
ERROR 2026-04-30 20:54:57,532 log Internal Server Error: /api/v1/auth/social/complete/google-oauth2/
Traceback (most recent call last):
  File "C:\Users\DELL\AppData\Local\Programs\Python\Python313\Lib\site-packages\django\db\backends\utils.py", line 105, in _execute
    return self.cursor.execute(sql, params)
           ~~~~~~~~~~~~~~~~~~~^^^^^^^^^^^^^
  File "C:\Users\DELL\AppData\Local\Programs\Python\Python313\Lib\site-packages\django\db\backends\mysql\base.py", line 78, in execute
    return self.cursor.execute(query, args)
           ~~~~~~~~~~~~~~~~~~~^^^^^^^^^^^^^
  File "C:\Users\DELL\AppData\Local\Programs\Python\Python313\Lib\site-packages\MySQLdb\cursors.py", line 179, in execute
    res = self._query(mogrified_query)
  File "C:\Users\DELL\AppData\Local\Programs\Python\Python313\Lib\site-packages\MySQLdb\cursors.py", line 330, in _query
    db.query(q)
    ~~~~~~~~^^^
  File "C:\Users\DELL\AppData\Local\Programs\Python\Python313\Lib\site-packages\MySQLdb\connections.py", line 265, in query
    _mysql.connection.query(self, query)
    ~~~~~~~~~~~~~~~~~~~~~~~^^^^^^^^^^^^^
MySQLdb.IntegrityError: (1062, "Duplicata du champ 'foudjalaeti@gmail.com' pour la clef 'users_user.email'")

The above exception was the direct cause of the following exception:

Traceback (most recent call last):
  File "C:\Users\DELL\AppData\Local\Programs\Python\Python313\Lib\site-packages\social_django\storage.py", line 91, in create_user
    return manager.create_user(*args, **kwargs)
           ~~~~~~~~~~~~~~~~~~~^^^^^^^^^^^^^^^^^
  File "C:\Users\DELL\projet_tuteure\backend\driveparc\apps\users\models.py", line 27, in create_user
    user.save(using=self._db)
    ~~~~~~~~~^^^^^^^^^^^^^^^^
  File "C:\Users\DELL\AppData\Local\Programs\Python\Python313\Lib\site-packages\django\contrib\auth\base_user.py", line 62, in save
    super().save(**kwargs)
    ~~~~~~~~~~~~^^^^^^^^^^
  File "C:\Users\DELL\AppData\Local\Programs\Python\Python313\Lib\site-packages\django\db\models\base.py", line 874, in save
    self.save_base(
    ~~~~~~~~~~~~~~^
        using=using,
        ^^^^^^^^^^^^
    ...<2 lines>...
        update_fields=update_fields,
        ^^^^^^^^^^^^^^^^^^^^^^^^^^^^
    )
    ^
  File "C:\Users\DELL\AppData\Local\Programs\Python\Python313\Lib\site-packages\django\db\models\base.py", line 966, in save_base
    updated = self._save_table(
        raw,
    ...<4 lines>...
        update_fields,
    )
  File "C:\Users\DELL\AppData\Local\Programs\Python\Python313\Lib\site-packages\django\db\models\base.py", line 1169, in _save_table
    results = self._do_insert(
        cls._base_manager, using, insert_fields, returning_fields, raw
    )
  File "C:\Users\DELL\AppData\Local\Programs\Python\Python313\Lib\site-packages\django\db\models\base.py", line 1220, in _do_insert
    return manager._insert(
           ~~~~~~~~~~~~~~~^
        [self],
        ^^^^^^^
    ...<3 lines>...
        raw=raw,
        ^^^^^^^^
    )
    ^
  File "C:\Users\DELL\AppData\Local\Programs\Python\Python313\Lib\site-packages\django\db\models\manager.py", line 87, in manager_method
    return getattr(self.get_queryset(), name)(*args, **kwargs)
           ~~~~~~~~~~~~~~~~~~~~~~~~~~~~~~~~~~^^^^^^^^^^^^^^^^^
  File "C:\Users\DELL\AppData\Local\Programs\Python\Python313\Lib\site-packages\django\db\models\query.py", line 1918, in _insert
    return query.get_compiler(using=using).execute_sql(returning_fields)
           ~~~~~~~~~~~~~~~~~~~~~~~~~~~~~~~~~~~~~~~~~~~^^^^^^^^^^^^^^^^^^
  File "C:\Users\DELL\AppData\Local\Programs\Python\Python313\Lib\site-packages\django\db\models\sql\compiler.py", line 1925, in execute_sql
    cursor.execute(sql, params)
    ~~~~~~~~~~~~~~^^^^^^^^^^^^^
  File "C:\Users\DELL\AppData\Local\Programs\Python\Python313\Lib\site-packages\django\db\backends\utils.py", line 122, in execute
    return super().execute(sql, params)
           ~~~~~~~~~~~~~~~^^^^^^^^^^^^^
  File "C:\Users\DELL\AppData\Local\Programs\Python\Python313\Lib\site-packages\django\db\backends\utils.py", line 79, in execute
    return self._execute_with_wrappers(
           ~~~~~~~~~~~~~~~~~~~~~~~~~~~^
        sql, params, many=False, executor=self._execute
        ^^^^^^^^^^^^^^^^^^^^^^^^^^^^^^^^^^^^^^^^^^^^^^^
    )
    ^
  File "C:\Users\DELL\AppData\Local\Programs\Python\Python313\Lib\site-packages\django\db\backends\utils.py", line 92, in _execute_with_wrappers
    return executor(sql, params, many, context)
  File "C:\Users\DELL\AppData\Local\Programs\Python\Python313\Lib\site-packages\django\db\backends\utils.py", line 100, in _execute
    with self.db.wrap_database_errors:
         ^^^^^^^^^^^^^^^^^^^^^^^^^^^^
  File "C:\Users\DELL\AppData\Local\Programs\Python\Python313\Lib\site-packages\django\db\utils.py", line 94, in __exit__
    raise dj_exc_value.with_traceback(traceback) from exc_value
  File "C:\Users\DELL\AppData\Local\Programs\Python\Python313\Lib\site-packages\django\db\backends\utils.py", line 105, in _execute
    return self.cursor.execute(sql, params)
           ~~~~~~~~~~~~~~~~~~~^^^^^^^^^^^^^
  File "C:\Users\DELL\AppData\Local\Programs\Python\Python313\Lib\site-packages\django\db\backends\mysql\base.py", line 78, in execute
    return self.cursor.execute(query, args)
           ~~~~~~~~~~~~~~~~~~~^^^^^^^^^^^^^
  File "C:\Users\DELL\AppData\Local\Programs\Python\Python313\Lib\site-packages\MySQLdb\cursors.py", line 179, in execute
    res = self._query(mogrified_query)
  File "C:\Users\DELL\AppData\Local\Programs\Python\Python313\Lib\site-packages\MySQLdb\cursors.py", line 330, in _query
    db.query(q)
    ~~~~~~~~^^^
  File "C:\Users\DELL\AppData\Local\Programs\Python\Python313\Lib\site-packages\MySQLdb\connections.py", line 265, in query
    _mysql.connection.query(self, query)
    ~~~~~~~~~~~~~~~~~~~~~~~^^^^^^^^^^^^^
django.db.utils.IntegrityError: (1062, "Duplicata du champ 'foudjalaeti@gmail.com' pour la clef 'users_user.email'")

The above exception was the direct cause of the following exception:

Traceback (most recent call last):
  File "C:\Users\DELL\AppData\Local\Programs\Python\Python313\Lib\site-packages\django\core\handlers\exception.py", line 55, in inner
    response = get_response(request)
  File "C:\Users\DELL\AppData\Local\Programs\Python\Python313\Lib\site-packages\django\core\handlers\base.py", line 198, in _get_response
    response = wrapped_callback(request, *callback_args, **callback_kwargs)
  File "C:\Users\DELL\AppData\Local\Programs\Python\Python313\Lib\site-packages\django\views\decorators\cache.py", line 80, in _view_wrapper
    response = view_func(request, *args, **kwargs)
  File "C:\Users\DELL\AppData\Local\Programs\Python\Python313\Lib\site-packages\django\views\decorators\csrf.py", line 65, in _view_wrapper
    return view_func(request, *args, **kwargs)
  File "C:\Users\DELL\AppData\Local\Programs\Python\Python313\Lib\site-packages\social_django\utils.py", line 44, in wrapper
    return func(request, backend, *args, **kwargs)
  File "C:\Users\DELL\AppData\Local\Programs\Python\Python313\Lib\site-packages\social_django\views.py", line 33, in complete
    return do_complete(
        request.backend,
    ...<5 lines>...
        **kwargs,
    )
  File "C:\Users\DELL\AppData\Local\Programs\Python\Python313\Lib\site-packages\social_core\actions.py", line 65, in do_complete
    user = backend.complete(*args, user=user, redirect_name=redirect_name, **kwargs)
  File "C:\Users\DELL\AppData\Local\Programs\Python\Python313\Lib\site-packages\social_core\backends\base.py", line 61, in complete
    return self.auth_complete(*args, **kwargs)
           ~~~~~~~~~~~~~~~~~~^^^^^^^^^^^^^^^^^
  File "C:\Users\DELL\AppData\Local\Programs\Python\Python313\Lib\site-packages\social_core\utils.py", line 250, in wrapper
    return func(*args, **kwargs)
  File "C:\Users\DELL\AppData\Local\Programs\Python\Python313\Lib\site-packages\social_core\backends\oauth.py", line 486, in auth_complete
    return self.do_auth(
           ~~~~~~~~~~~~^
        response["access_token"], *args, response=response, **kwargs
        ^^^^^^^^^^^^^^^^^^^^^^^^^^^^^^^^^^^^^^^^^^^^^^^^^^^^^^^^^^^^
    )
    ^
  File "C:\Users\DELL\AppData\Local\Programs\Python\Python313\Lib\site-packages\social_core\utils.py", line 250, in wrapper
    return func(*args, **kwargs)
  File "C:\Users\DELL\AppData\Local\Programs\Python\Python313\Lib\site-packages\social_core\backends\oauth.py", line 499, in do_auth
    return self.strategy.authenticate(*args, **kwargs)
           ~~~~~~~~~~~~~~~~~~~~~~~~~~^^^^^^^^^^^^^^^^^
  File "C:\Users\DELL\AppData\Local\Programs\Python\Python313\Lib\site-packages\social_django\strategy.py", line 121, in authenticate
    return authenticate(*args, **kwargs)
  File "C:\Users\DELL\AppData\Local\Programs\Python\Python313\Lib\site-packages\django\views\decorators\debug.py", line 75, in sensitive_variables_wrapper
    return func(*func_args, **func_kwargs)
  File "C:\Users\DELL\AppData\Local\Programs\Python\Python313\Lib\site-packages\django\contrib\auth\__init__.py", line 114, in authenticate
    user = backend.authenticate(request, **credentials)
  File "C:\Users\DELL\AppData\Local\Programs\Python\Python313\Lib\site-packages\social_core\backends\base.py", line 106, in authenticate
    return self.pipeline(pipeline, *args, **kwargs)
           ~~~~~~~~~~~~~^^^^^^^^^^^^^^^^^^^^^^^^^^^
  File "C:\Users\DELL\AppData\Local\Programs\Python\Python313\Lib\site-packages\social_core\backends\base.py", line 111, in pipeline
    out = self.run_pipeline(pipeline, pipeline_index, *args, **kwargs)
  File "C:\Users\DELL\AppData\Local\Programs\Python\Python313\Lib\site-packages\social_core\backends\base.py", line 145, in run_pipeline
    result = func(*args, **out) or {}
             ~~~~^^^^^^^^^^^^^^
  File "C:\Users\DELL\AppData\Local\Programs\Python\Python313\Lib\site-packages\social_core\pipeline\user.py", line 106, in create_user
    return {"is_new": True, "user": strategy.create_user(**fields)}
                                    ~~~~~~~~~~~~~~~~~~~~^^^^^^^^^^
  File "C:\Users\DELL\AppData\Local\Programs\Python\Python313\Lib\site-packages\social_core\strategy.py", line 73, in create_user
    return self.storage.user.create_user(*args, **kwargs)
           ~~~~~~~~~~~~~~~~~~~~~~~~~~~~~^^^^^^^^^^^^^^^^^
  File "C:\Users\DELL\AppData\Local\Programs\Python\Python313\Lib\site-packages\social_django\storage.py", line 93, in create_user
    raise AuthAlreadyAssociated(None) from exc
social_core.exceptions.AuthAlreadyAssociated: This account is already in use.
INFO 2026-04-30 20:55:56,765 autoreload C:\Users\DELL\projet_tuteure\backend\driveparc\config\settings.py changed, reloading.
INFO 2026-04-30 21:00:26,724 autoreload Watching for file changes with StatReloader
WARNING 2026-04-30 21:00:37,527 log Not Found: /accounts/profile/
WARNING 2026-04-30 21:00:58,916 log Not Found: /accounts/profile/
WARNING 2026-04-30 21:00:59,169 log Not Found: /favicon.ico
WARNING 2026-04-30 21:01:16,879 log Not Found: /accounts/profile/
WARNING 2026-04-30 21:01:37,157 log Not Found: /accounts/profile/
INFO 2026-04-30 21:04:49,044 autoreload C:\Users\DELL\projet_tuteure\backend\driveparc\config\settings.py changed, reloading.
INFO 2026-04-30 21:04:49,909 autoreload Watching for file changes with StatReloader
WARNING 2026-04-30 21:04:51,949 log Not Found: /accounts/profile/
WARNING 2026-04-30 21:04:57,808 log Not Found: /accounts/profile/
WARNING 2026-04-30 21:05:10,843 log Not Found: /api/v1/auth/social/oauth-complete/google-oauth2/
INFO 2026-04-30 21:06:10,341 autoreload C:\Users\DELL\projet_tuteure\backend\driveparc\apps\users\pipeline.py changed, reloading.
INFO 2026-04-30 21:06:11,160 autoreload Watching for file changes with StatReloader
INFO 2026-04-30 21:07:48,158 autoreload C:\Users\DELL\projet_tuteure\backend\driveparc\apps\users\urls.py changed, reloading.
INFO 2026-04-30 21:07:48,974 autoreload Watching for file changes with StatReloader
INFO 2026-04-30 21:08:28,973 autoreload C:\Users\DELL\projet_tuteure\backend\driveparc\apps\users\views.py changed, reloading.
INFO 2026-04-30 21:08:29,705 autoreload Watching for file changes with StatReloader
INFO 2026-04-30 21:08:53,129 autoreload C:\Users\DELL\projet_tuteure\backend\driveparc\config\settings.py changed, reloading.
INFO 2026-04-30 21:08:54,010 autoreload Watching for file changes with StatReloader
WARNING 2026-05-02 09:02:01,191 log Not Found: /api/v1/maintenance/
WARNING 2026-05-02 09:02:01,355 log Not Found: /api/v1/maintenance/
WARNING 2026-05-02 09:02:04,846 log Not Found: /api/v1/maintenance/plans/
WARNING 2026-05-02 09:02:04,848 log Not Found: /api/v1/maintenance/plans/alerts/
WARNING 2026-05-02 09:02:04,870 log Not Found: /api/v1/maintenance/records/
WARNING 2026-05-02 09:02:05,022 log Not Found: /api/v1/maintenance/plans/
WARNING 2026-05-02 09:02:05,119 log Not Found: /api/v1/maintenance/records/
WARNING 2026-05-02 09:02:05,150 log Not Found: /api/v1/maintenance/plans/alerts/
WARNING 2026-05-02 09:06:13,431 log Not Found: /api/v1/maintenance/
WARNING 2026-05-02 09:06:13,459 log Not Found: /api/v1/maintenance/
WARNING 2026-05-02 09:06:17,842 log Not Found: /api/v1/maintenance/
WARNING 2026-05-02 09:06:17,868 log Not Found: /api/v1/maintenance/
INFO 2026-05-02 09:17:16,074 autoreload C:\Users\DELL\projet_tuteure\backend\driveparc\apps\users\views.py changed, reloading.
INFO 2026-05-02 09:17:18,365 autoreload Watching for file changes with StatReloader
WARNING 2026-05-02 09:17:31,545 log Not Found: /api/v1/maintenance/
WARNING 2026-05-02 09:17:31,628 log Not Found: /api/v1/maintenance/
WARNING 2026-05-02 09:18:03,314 log Not Found: /api/v1/maintenance/
WARNING 2026-05-02 09:18:03,370 log Not Found: /api/v1/maintenance/
WARNING 2026-05-02 09:18:39,918 log Not Found: /api/v1/maintenance/
WARNING 2026-05-02 09:18:39,985 log Not Found: /api/v1/maintenance/
WARNING 2026-05-02 09:51:05,096 log Not Found: /api/v1/maintenance/
WARNING 2026-05-02 09:51:05,182 log Not Found: /api/v1/maintenance/
WARNING 2026-05-02 10:01:49,371 log Not Found: /api/v1/maintenance/
WARNING 2026-05-02 10:06:22,107 log Not Found: /api/v1/maintenance/
WARNING 2026-05-02 10:18:10,499 log Not Found: /api/v1/maintenance/
WARNING 2026-05-02 10:19:09,957 log Not Found: /api/v1/maintenance/records/
WARNING 2026-05-02 10:19:09,964 log Not Found: /api/v1/maintenance/plans/alerts/
WARNING 2026-05-02 10:19:09,997 log Not Found: /api/v1/maintenance/plans/
WARNING 2026-05-02 10:19:10,263 log Not Found: /api/v1/maintenance/records/
WARNING 2026-05-02 10:19:10,305 log Not Found: /api/v1/maintenance/plans/alerts/
WARNING 2026-05-02 10:19:10,338 log Not Found: /api/v1/maintenance/plans/
ERROR 2026-05-02 10:19:11,626 log Internal Server Error: /api/v1/fuel/cards/dashboard/
ERROR 2026-05-02 10:19:11,657 log Internal Server Error: /api/v1/fuel/cards/dashboard/
WARNING 2026-05-02 10:29:19,627 log Not Found: /api/v1/maintenance/
WARNING 2026-05-02 10:29:19,716 log Not Found: /api/v1/maintenance/
WARNING 2026-05-02 10:29:46,882 log Not Found: /api/v1/maintenance/
WARNING 2026-05-02 15:03:02,084 log Not Found: /api/v1/maintenance/
WARNING 2026-05-02 15:03:02,155 log Not Found: /api/v1/maintenance/
WARNING 2026-05-02 15:06:13,113 log Not Found: /api/v1/maintenance/
WARNING 2026-05-02 15:06:31,041 log Not Found: /api/v1/maintenance/
WARNING 2026-05-02 15:07:34,014 log Not Found: /api/v1/maintenance/
WARNING 2026-05-02 15:22:29,582 log Not Found: /api/v1/maintenance/
WARNING 2026-05-02 15:22:30,097 log Not Found: /api/v1/maintenance/
WARNING 2026-05-02 15:22:40,028 log Not Found: /api/v1/maintenance/
WARNING 2026-05-02 15:22:41,969 log Not Found: /api/v1/maintenance/
WARNING 2026-05-02 15:22:44,198 log Not Found: /api/v1/maintenance/
WARNING 2026-05-02 15:22:46,934 log Not Found: /api/v1/maintenance/
WARNING 2026-05-02 15:24:24,017 log Not Found: /api/v1/maintenance/
WARNING 2026-05-02 15:24:38,095 log Not Found: /api/v1/maintenance/
WARNING 2026-05-02 15:25:21,031 log Not Found: /api/v1/maintenance/
WARNING 2026-05-02 15:25:34,317 log Not Found: /api/v1/maintenance/
WARNING 2026-05-02 15:26:31,005 log Not Found: /api/v1/maintenance/
WARNING 2026-05-02 15:26:32,185 log Not Found: /api/v1/maintenance/
WARNING 2026-05-02 15:26:42,320 log Not Found: /api/v1/maintenance/
WARNING 2026-05-02 15:26:44,003 log Not Found: /api/v1/maintenance/
WARNING 2026-05-02 15:26:54,534 log Not Found: /api/v1/maintenance/
WARNING 2026-05-02 15:27:21,564 log Not Found: /api/v1/maintenance/
WARNING 2026-05-02 15:27:21,656 log Not Found: /api/v1/maintenance/
WARNING 2026-05-02 15:27:32,662 log Not Found: /api/v1/maintenance/
WARNING 2026-05-02 15:27:39,781 log Not Found: /api/v1/maintenance/
WARNING 2026-05-02 15:27:53,990 log Not Found: /api/v1/maintenance/
WARNING 2026-05-02 15:27:58,875 log Not Found: /api/v1/maintenance/
WARNING 2026-05-02 15:28:03,777 log Not Found: /api/v1/maintenance/
WARNING 2026-05-02 15:28:09,084 log Not Found: /api/v1/maintenance/
WARNING 2026-05-02 15:28:17,122 log Not Found: /api/v1/maintenance/
WARNING 2026-05-02 15:28:21,009 log Not Found: /api/v1/maintenance/
WARNING 2026-05-02 15:28:28,208 log Not Found: /api/v1/maintenance/
WARNING 2026-05-02 15:28:31,948 log Not Found: /api/v1/maintenance/
WARNING 2026-05-02 15:28:35,193 log Not Found: /api/v1/maintenance/
WARNING 2026-05-02 15:28:44,778 log Not Found: /api/v1/maintenance/
WARNING 2026-05-02 15:28:51,036 log Not Found: /api/v1/maintenance/
WARNING 2026-05-02 15:29:04,637 log Not Found: /api/v1/maintenance/plans/alerts/
WARNING 2026-05-02 15:29:04,677 log Not Found: /api/v1/maintenance/plans/
WARNING 2026-05-02 15:29:04,734 log Not Found: /api/v1/maintenance/records/
WARNING 2026-05-02 15:29:04,767 log Not Found: /api/v1/maintenance/plans/alerts/
WARNING 2026-05-02 15:29:04,821 log Not Found: /api/v1/maintenance/plans/
WARNING 2026-05-02 15:29:04,844 log Not Found: /api/v1/maintenance/records/
WARNING 2026-05-02 15:37:37,289 log Not Found: /api/v1/maintenance/
WARNING 2026-05-02 15:37:57,956 log Not Found: /api/v1/maintenance/
WARNING 2026-05-03 02:51:30,863 log Not Found: /api/v1/maintenance/
WARNING 2026-05-03 02:51:30,895 log Not Found: /api/v1/maintenance/
WARNING 2026-05-03 04:31:37,304 log Not Found: /api/v1/maintenance/
WARNING 2026-05-03 04:31:37,371 log Unauthorized: /api/v1/vehicles/
WARNING 2026-05-03 04:31:37,376 log Unauthorized: /api/v1/vehicles/stats/
WARNING 2026-05-03 04:31:37,393 log Unauthorized: /api/v1/auth/profile/
WARNING 2026-05-03 04:31:37,396 log Unauthorized: /api/v1/reservations/
WARNING 2026-05-03 04:31:37,588 log Unauthorized: /api/v1/auth/users/
WARNING 2026-05-03 04:31:37,606 log Unauthorized: /api/v1/auth/users/
WARNING 2026-05-03 04:31:51,758 log Not Found: /api/v1/maintenance/
WARNING 2026-05-03 04:31:51,792 log Unauthorized: /api/v1/reservations/
WARNING 2026-05-03 04:31:51,801 log Unauthorized: /api/v1/auth/profile/
WARNING 2026-05-03 04:31:51,807 log Unauthorized: /api/v1/vehicles/stats/
WARNING 2026-05-03 04:31:51,811 log Unauthorized: /api/v1/vehicles/
WARNING 2026-05-03 04:32:08,617 log Unauthorized: /api/v1/auth/users/
WARNING 2026-05-03 04:32:08,651 log Unauthorized: /api/v1/auth/users/
WARNING 2026-05-03 04:32:15,040 log Unauthorized: /api/v1/reservations/
WARNING 2026-05-03 04:32:15,093 log Unauthorized: /api/v1/reservations/
WARNING 2026-05-03 04:32:17,091 log Not Found: /api/v1/maintenance/plans/alerts/
WARNING 2026-05-03 04:32:17,113 log Not Found: /api/v1/maintenance/plans/
WARNING 2026-05-03 04:32:17,154 log Not Found: /api/v1/maintenance/records/
WARNING 2026-05-03 04:32:17,169 log Not Found: /api/v1/maintenance/plans/alerts/
WARNING 2026-05-03 04:32:17,173 log Unauthorized: /api/v1/auth/users/
WARNING 2026-05-03 04:32:17,188 log Not Found: /api/v1/maintenance/plans/
WARNING 2026-05-03 04:32:17,193 log Unauthorized: /api/v1/maintenance/maintenance/
WARNING 2026-05-03 04:32:17,211 log Not Found: /api/v1/maintenance/records/
WARNING 2026-05-03 04:32:17,214 log Unauthorized: /api/v1/maintenance/breakdowns/
WARNING 2026-05-03 04:32:17,258 log Unauthorized: /api/v1/auth/users/
WARNING 2026-05-03 04:32:17,266 log Unauthorized: /api/v1/maintenance/maintenance/
WARNING 2026-05-03 04:32:17,271 log Unauthorized: /api/v1/maintenance/breakdowns/
INFO 2026-05-03 04:32:40,378 autoreload Watching for file changes with StatReloader
WARNING 2026-05-03 04:32:50,788 log Not Found: /api/v1/maintenance/
WARNING 2026-05-03 04:32:50,895 log Not Found: /api/v1/maintenance/
WARNING 2026-05-03 04:37:31,971 log Not Found: /api/v1/maintenance/
WARNING 2026-05-03 04:38:20,637 log Not Found: /api/v1/maintenance/
WARNING 2026-05-03 04:46:39,983 log Not Found: /api/v1/maintenance/
WARNING 2026-05-03 04:50:24,161 log Bad Request: /api/v1/vehicles/
WARNING 2026-05-03 04:51:05,444 log Bad Request: /api/v1/vehicles/
WARNING 2026-05-03 04:54:31,783 log Bad Request: /api/v1/vehicles/
WARNING 2026-05-03 04:54:55,155 log Not Found: /api/v1/maintenance/
WARNING 2026-05-03 04:56:48,641 log Not Found: /api/v1/maintenance/
WARNING 2026-05-03 04:58:41,575 log Not Found: /api/v1/maintenance/
WARNING 2026-05-03 05:27:00,400 log Not Found: /api/v1/maintenance/
WARNING 2026-05-03 05:28:38,649 log Not Found: /api/v1/maintenance/
WARNING 2026-05-03 10:10:49,402 log Not Found: /api/v1/maintenance/
WARNING 2026-05-03 10:10:49,457 log Not Found: /api/v1/maintenance/
WARNING 2026-05-03 10:13:08,703 log Not Found: /api/v1/maintenance/
WARNING 2026-05-03 10:13:28,798 log Not Found: /api/v1/maintenance/
WARNING 2026-05-03 10:29:43,147 log Not Found: /api/v1/maintenance/
WARNING 2026-05-03 10:29:46,823 log Not Found: /api/v1/maintenance/
WARNING 2026-05-03 10:34:03,172 log Not Found: /api/v1/maintenance/
WARNING 2026-05-03 11:12:31,559 log Unauthorized: /api/v1/vehicles/
WARNING 2026-05-03 11:12:42,673 log Unauthorized: /api/v1/auth/users/
WARNING 2026-05-03 11:13:23,022 log Unauthorized: /api/v1/vehicles/
WARNING 2026-05-03 11:13:31,808 log Unauthorized: /api/v1/auth/users/
WARNING 2026-05-03 11:14:58,176 log Unauthorized: /api/v1/vehicles/
WARNING 2026-05-03 11:15:09,110 log Unauthorized: /api/v1/auth/users/
INFO 2026-05-03 11:17:29,227 autoreload C:\Users\DELL\projet_tuteure\backend\driveparc\apps\vehicles\serializers.py changed, reloading.
INFO 2026-05-03 11:17:31,741 autoreload Watching for file changes with StatReloader
WARNING 2026-05-03 11:17:51,890 log Unauthorized: /api/v1/auth/users/
WARNING 2026-05-03 11:17:51,929 log Unauthorized: /api/v1/auth/users/
INFO 2026-05-03 11:18:59,557 autoreload C:\Users\DELL\projet_tuteure\backend\driveparc\apps\vehicles\serializers.py changed, reloading.
INFO 2026-05-03 11:19:01,881 autoreload Watching for file changes with StatReloader
INFO 2026-05-03 11:19:09,240 autoreload Watching for file changes with StatReloader
WARNING 2026-05-03 11:19:15,507 log Unauthorized: /api/v1/auth/users/
WARNING 2026-05-03 11:19:15,520 log Unauthorized: /api/v1/auth/users/
WARNING 2026-05-03 11:19:33,705 log Not Found: /api/v1/maintenance/
WARNING 2026-05-03 11:19:33,849 log Not Found: /api/v1/maintenance/
WARNING 2026-05-04 08:58:39,405 log Not Found: /api/v1/maintenance/
WARNING 2026-05-04 08:58:39,533 log Not Found: /api/v1/maintenance/
WARNING 2026-05-04 09:04:00,355 log Not Found: /api/v1/maintenance/plans/alerts/
WARNING 2026-05-04 09:04:00,416 log Not Found: /api/v1/maintenance/plans/
WARNING 2026-05-04 09:04:00,527 log Not Found: /api/v1/maintenance/records/
WARNING 2026-05-04 09:04:00,582 log Not Found: /api/v1/maintenance/plans/alerts/
WARNING 2026-05-04 09:04:00,587 log Not Found: /api/v1/maintenance/plans/
WARNING 2026-05-04 09:04:00,639 log Not Found: /api/v1/maintenance/records/
WARNING 2026-05-04 09:18:00,937 log Not Found: /api/v1/maintenance/plans/
WARNING 2026-05-04 09:18:00,973 log Not Found: /api/v1/maintenance/plans/alerts/
WARNING 2026-05-04 09:18:01,096 log Not Found: /api/v1/maintenance/records/
WARNING 2026-05-04 09:18:01,140 log Not Found: /api/v1/maintenance/plans/
WARNING 2026-05-04 09:18:01,178 log Not Found: /api/v1/maintenance/plans/alerts/
WARNING 2026-05-04 09:18:01,272 log Not Found: /api/v1/maintenance/records/
WARNING 2026-05-04 10:45:30,802 log Not Found: /api/v1/maintenance/
WARNING 2026-05-04 10:45:30,897 log Not Found: /api/v1/maintenance/
WARNING 2026-05-05 05:30:06,205 log Not Found: /api/v1/maintenance/
WARNING 2026-05-05 05:30:06,297 log Not Found: /api/v1/maintenance/
WARNING 2026-05-05 07:51:02,712 log Not Found: /api/v1/maintenance/
WARNING 2026-05-05 07:51:02,764 log Not Found: /api/v1/maintenance/
WARNING 2026-05-05 07:55:16,183 log Not Found: /api/v1/maintenance/
WARNING 2026-05-05 07:58:56,471 log Not Found: /api/v1/maintenance/
WARNING 2026-05-05 08:18:09,726 log Not Found: /api/v1/maintenance/
WARNING 2026-05-05 08:18:09,762 log Not Found: /api/v1/maintenance/
WARNING 2026-05-05 08:45:24,744 log Not Found: /api/v1/maintenance/
WARNING 2026-05-05 08:45:38,024 log Not Found: /api/v1/maintenance/
WARNING 2026-05-05 08:49:42,424 log Not Found: /api/v1/maintenance/
WARNING 2026-05-07 03:14:31,939 log Not Found: /api/v1/maintenance/
WARNING 2026-05-07 03:14:32,076 log Not Found: /api/v1/maintenance/
WARNING 2026-05-07 03:34:17,497 log Not Found: /api/v1/maintenance/
WARNING 2026-05-07 03:34:17,530 log Not Found: /api/v1/maintenance/
WARNING 2026-05-07 03:39:55,982 log Not Found: /api/v1/maintenance/
ERROR 2026-05-07 03:52:13,047 log Internal Server Error: /api/v1/maintenance/maintenance/3/complete/
ERROR 2026-05-07 03:52:14,253 log Internal Server Error: /api/v1/maintenance/maintenance/3/complete/
ERROR 2026-05-07 03:52:15,064 log Internal Server Error: /api/v1/maintenance/maintenance/3/complete/
ERROR 2026-05-07 03:52:23,541 log Internal Server Error: /api/v1/maintenance/maintenance/3/complete/
ERROR 2026-05-07 03:52:25,150 log Internal Server Error: /api/v1/maintenance/maintenance/3/complete/
WARNING 2026-05-07 03:52:37,298 log Not Found: /api/v1/maintenance/
WARNING 2026-05-07 03:52:37,364 log Not Found: /api/v1/maintenance/
WARNING 2026-05-07 04:08:00,127 log Not Found: /api/v1/maintenance/
WARNING 2026-05-07 04:23:36,165 log Not Found: /api/v1/maintenance/
WARNING 2026-05-07 04:24:03,394 log Not Found: /api/v1/maintenance/
WARNING 2026-05-07 04:24:53,918 log Not Found: /api/v1/maintenance/
WARNING 2026-05-07 04:25:32,426 log Not Found: /api/v1/maintenance/
WARNING 2026-05-07 04:25:53,827 log Not Found: /api/v1/maintenance/
WARNING 2026-05-07 04:30:05,346 log Not Found: /api/v1/maintenance/
WARNING 2026-05-07 04:36:19,772 log Not Found: /api/v1/maintenance/
WARNING 2026-05-07 04:39:54,238 log Not Found: /api/v1/maintenance/
WARNING 2026-05-07 04:39:54,336 log Not Found: /api/v1/maintenance/
WARNING 2026-05-07 04:42:55,758 log Not Found: /api/v1/maintenance/
WARNING 2026-05-07 04:42:55,851 log Not Found: /api/v1/maintenance/
WARNING 2026-05-07 05:01:27,104 log Not Found: /api/v1/maintenance/
WARNING 2026-05-07 05:01:27,197 log Not Found: /api/v1/maintenance/
WARNING 2026-05-07 20:09:36,108 log Not Found: /api/v1/maintenance/
WARNING 2026-05-07 20:09:36,300 log Not Found: /api/v1/maintenance/
WARNING 2026-05-07 20:16:27,809 log Not Found: /api/v1/trips/
WARNING 2026-05-07 20:16:27,923 log Not Found: /api/v1/trips/
WARNING 2026-05-07 20:16:40,595 log Not Found: /api/v1/maintenance/
WARNING 2026-05-07 20:16:40,729 log Not Found: /api/v1/maintenance/
ERROR 2026-05-07 20:24:14,581 log Internal Server Error: /api/v1/fuel/cards/dashboard/
ERROR 2026-05-07 20:24:14,621 log Internal Server Error: /api/v1/fuel/cards/dashboard/
WARNING 2026-05-07 20:32:43,213 log Not Found: /api/v1/reservations/7/notify/
WARNING 2026-05-07 20:32:43,314 log Not Found: /api/v1/maintenance/
INFO 2026-05-07 20:44:00,945 autoreload C:\Users\DELL\projet_tuteure\backend\driveparc\apps\reservations\views.py changed, reloading.
INFO 2026-05-07 20:44:04,114 autoreload Watching for file changes with StatReloader
INFO 2026-05-07 20:44:35,608 autoreload C:\Users\DELL\projet_tuteure\backend\driveparc\apps\reservations\views.py changed, reloading.
INFO 2026-05-07 20:44:38,000 autoreload Watching for file changes with StatReloader
INFO 2026-05-07 20:44:52,554 autoreload C:\Users\DELL\projet_tuteure\backend\driveparc\apps\reservations\views.py changed, reloading.
INFO 2026-05-07 20:44:54,657 autoreload Watching for file changes with StatReloader
INFO 2026-05-07 20:55:39,583 autoreload Watching for file changes with StatReloader
WARNING 2026-05-07 21:29:35,707 log Unauthorized: /api/v1/auth/users/
WARNING 2026-05-07 21:29:35,745 log Unauthorized: /api/v1/auth/users/
WARNING 2026-05-07 21:30:34,269 log Not Found: /api/v1/maintenance/
WARNING 2026-05-07 21:30:34,354 log Not Found: /api/v1/maintenance/
WARNING 2026-05-07 21:32:17,007 log Not Found: /api/v1/maintenance/
WARNING 2026-05-07 21:32:17,117 log Not Found: /api/v1/maintenance/
WARNING 2026-05-07 21:34:50,074 log Not Found: /api/v1/maintenance/
WARNING 2026-05-07 21:34:50,176 log Not Found: /api/v1/maintenance/
WARNING 2026-05-07 21:36:03,848 log Not Found: /api/v1/maintenance/
WARNING 2026-05-07 21:36:03,966 log Not Found: /api/v1/maintenance/
WARNING 2026-05-07 21:40:01,736 log Not Found: /api/v1/maintenance/
WARNING 2026-05-07 21:40:01,813 log Not Found: /api/v1/maintenance/
WARNING 2026-05-07 21:42:50,750 log Not Found: /api/v1/maintenance/
WARNING 2026-05-07 21:43:23,841 log Not Found: /api/v1/maintenance/
WARNING 2026-05-07 21:44:24,220 log Not Found: /api/v1/trips/
WARNING 2026-05-07 21:44:24,287 log Not Found: /api/v1/trips/
WARNING 2026-05-07 21:45:58,243 log Not Found: /api/v1/maintenance/
WARNING 2026-05-07 21:45:58,317 log Not Found: /api/v1/maintenance/
WARNING 2026-05-07 21:48:07,719 log Not Found: /api/v1/maintenance/
WARNING 2026-05-08 02:31:52,824 log Not Found: /api/v1/maintenance/
WARNING 2026-05-08 02:31:52,985 log Not Found: /api/v1/maintenance/
WARNING 2026-05-08 02:42:26,627 log Not Found: /api/v1/maintenance/
WARNING 2026-05-08 02:42:26,762 log Not Found: /api/v1/maintenance/
WARNING 2026-05-08 02:43:17,204 log Bad Request: /api/v1/auth/login/
WARNING 2026-05-08 02:43:26,063 log Bad Request: /api/v1/auth/login/
WARNING 2026-05-08 02:43:42,302 log Not Found: /api/v1/vehicles/my-vehicle/
WARNING 2026-05-08 02:43:42,317 log Not Found: /api/v1/trips/
WARNING 2026-05-08 02:43:42,346 log Not Found: /api/v1/trips/
WARNING 2026-05-08 02:43:42,350 log Not Found: /api/v1/vehicles/my-vehicle/
WARNING 2026-05-08 03:00:06,845 log Not Found: /api/v1/maintenance/
WARNING 2026-05-08 03:00:06,947 log Not Found: /api/v1/maintenance/
WARNING 2026-05-08 03:00:36,380 log Bad Request: /api/v1/auth/login/
WARNING 2026-05-08 03:00:45,603 log Not Found: /api/v1/trips/
WARNING 2026-05-08 03:00:45,614 log Not Found: /api/v1/vehicles/my-vehicle/
WARNING 2026-05-08 03:00:45,653 log Not Found: /api/v1/trips/
WARNING 2026-05-08 03:00:45,708 log Not Found: /api/v1/vehicles/my-vehicle/
WARNING 2026-05-08 03:20:42,851 log Not Found: /api/v1/maintenance/
WARNING 2026-05-08 03:20:42,891 log Not Found: /api/v1/maintenance/
INFO 2026-05-08 03:43:20,355 autoreload C:\Users\DELL\projet_tuteure\backend\driveparc\apps\reservations\views.py changed, reloading.
INFO 2026-05-08 03:43:23,420 autoreload Watching for file changes with StatReloader
WARNING 2026-05-08 03:59:30,425 log Bad Request: /api/v1/auth/login/
WARNING 2026-05-08 03:59:36,559 log Not Found: /api/v1/vehicles/my-vehicle/
WARNING 2026-05-08 03:59:36,568 log Not Found: /api/v1/trips/
WARNING 2026-05-08 03:59:36,605 log Not Found: /api/v1/trips/
WARNING 2026-05-08 03:59:36,609 log Not Found: /api/v1/vehicles/my-vehicle/
WARNING 2026-05-08 04:00:52,657 log Not Found: /api/v1/vehicles/my-vehicle/
WARNING 2026-05-08 04:00:52,713 log Not Found: /api/v1/trips/
WARNING 2026-05-08 04:00:52,770 log Not Found: /api/v1/vehicles/my-vehicle/
WARNING 2026-05-08 04:00:52,807 log Not Found: /api/v1/trips/
WARNING 2026-05-08 04:01:41,105 log Not Found: /api/v1/maintenance/
WARNING 2026-05-08 04:01:41,127 log Not Found: /api/v1/maintenance/
WARNING 2026-05-08 04:02:51,284 log Bad Request: /api/v1/auth/login/
WARNING 2026-05-08 04:04:32,300 log Bad Request: /api/v1/auth/login/
WARNING 2026-05-08 04:04:41,489 log Bad Request: /api/v1/auth/login/
WARNING 2026-05-08 04:04:52,942 log Not Found: /api/v1/vehicles/my-vehicle/
WARNING 2026-05-08 04:04:52,951 log Not Found: /api/v1/trips/
WARNING 2026-05-08 04:04:52,992 log Not Found: /api/v1/vehicles/my-vehicle/
WARNING 2026-05-08 04:04:53,004 log Not Found: /api/v1/trips/
WARNING 2026-05-08 04:07:15,929 log Not Found: /api/v1/maintenance/
WARNING 2026-05-08 04:07:15,974 log Not Found: /api/v1/maintenance/
WARNING 2026-05-08 04:07:56,984 log Bad Request: /api/v1/auth/login/
WARNING 2026-05-08 04:08:04,739 log Bad Request: /api/v1/auth/login/
WARNING 2026-05-08 04:09:10,648 log Bad Request: /api/v1/auth/login/
WARNING 2026-05-08 04:09:18,206 log Bad Request: /api/v1/auth/login/
WARNING 2026-05-08 04:09:30,405 log Bad Request: /api/v1/auth/login/
WARNING 2026-05-08 04:09:36,856 log Bad Request: /api/v1/auth/login/
WARNING 2026-05-08 04:10:54,742 log Not Found: /api/v1/maintenance/
WARNING 2026-05-08 04:10:54,777 log Not Found: /api/v1/maintenance/
WARNING 2026-05-08 04:12:24,142 log Not Found: /api/v1/maintenance/
WARNING 2026-05-08 04:12:40,314 log Not Found: /api/v1/maintenance/
WARNING 2026-05-08 04:12:56,514 log Not Found: /api/v1/maintenance/
WARNING 2026-05-08 04:13:06,608 log Not Found: /api/v1/maintenance/
WARNING 2026-05-08 04:13:57,748 log Not Found: /api/v1/maintenance/
WARNING 2026-05-08 04:14:27,949 log Not Found: /api/v1/trips/
WARNING 2026-05-08 04:14:27,956 log Not Found: /api/v1/vehicles/my-vehicle/
WARNING 2026-05-08 04:14:27,978 log Not Found: /api/v1/trips/
WARNING 2026-05-08 04:14:27,992 log Not Found: /api/v1/vehicles/my-vehicle/
WARNING 2026-05-08 04:15:10,177 log Not Found: /api/v1/maintenance/
WARNING 2026-05-08 04:15:10,206 log Not Found: /api/v1/maintenance/
WARNING 2026-05-08 04:15:31,390 log Not Found: /api/v1/trips/
WARNING 2026-05-08 04:15:31,403 log Not Found: /api/v1/vehicles/my-vehicle/
WARNING 2026-05-08 04:15:31,418 log Not Found: /api/v1/trips/
WARNING 2026-05-08 04:15:31,448 log Not Found: /api/v1/vehicles/my-vehicle/
WARNING 2026-05-08 04:16:24,910 log Not Found: /api/v1/maintenance/
WARNING 2026-05-08 04:16:24,933 log Not Found: /api/v1/maintenance/
WARNING 2026-05-08 04:19:12,707 log Not Found: /api/v1/maintenance/
WARNING 2026-05-08 04:19:12,739 log Not Found: /api/v1/maintenance/
WARNING 2026-05-08 04:19:47,236 log Bad Request: /api/v1/reservations/10/approve/
WARNING 2026-05-08 04:19:59,347 log Bad Request: /api/v1/reservations/10/approve/
WARNING 2026-05-08 04:20:05,144 log Bad Request: /api/v1/reservations/10/approve/
WARNING 2026-05-08 05:04:39,417 log Not Found: /api/v1/vehicles/my-vehicle/
WARNING 2026-05-08 05:04:39,438 log Not Found: /api/v1/trips/
WARNING 2026-05-08 05:04:39,513 log Not Found: /api/v1/vehicles/my-vehicle/
WARNING 2026-05-08 05:04:39,533 log Not Found: /api/v1/trips/
WARNING 2026-05-08 05:05:36,982 log Not Found: /api/v1/maintenance/
WARNING 2026-05-08 05:05:37,044 log Not Found: /api/v1/maintenance/
WARNING 2026-05-08 05:07:47,542 log Bad Request: /api/v1/reservations/10/approve/
WARNING 2026-05-08 05:07:56,391 log Bad Request: /api/v1/reservations/10/approve/
WARNING 2026-05-08 12:01:06,323 log Not Found: /api/v1/maintenance/
WARNING 2026-05-08 12:01:06,419 log Not Found: /api/v1/maintenance/
ERROR 2026-05-08 12:01:29,680 log Internal Server Error: /api/v1/fuel/cards/dashboard/
ERROR 2026-05-08 12:01:29,714 log Internal Server Error: /api/v1/fuel/cards/dashboard/
WARNING 2026-05-08 13:22:18,744 log Not Found: /api/v1/maintenance/
WARNING 2026-05-08 13:22:18,835 log Not Found: /api/v1/maintenance/
WARNING 2026-05-08 13:22:55,512 log Not Found: /api/v1/trips/
WARNING 2026-05-08 13:22:55,536 log Not Found: /api/v1/vehicles/my-vehicle/
WARNING 2026-05-08 13:22:55,609 log Not Found: /api/v1/trips/
WARNING 2026-05-08 13:22:55,683 log Not Found: /api/v1/vehicles/my-vehicle/
WARNING 2026-05-08 13:25:26,965 log Not Found: /api/v1/maintenance/
WARNING 2026-05-08 13:25:27,040 log Not Found: /api/v1/maintenance/
WARNING 2026-05-08 13:38:10,926 log Not Found: /api/v1/maintenance/plans/
WARNING 2026-05-08 13:38:10,935 log Not Found: /api/v1/maintenance/plans/
WARNING 2026-05-08 13:38:33,258 log Not Found: /api/v1/maintenance/plans/
WARNING 2026-05-08 13:38:33,268 log Not Found: /api/v1/maintenance/plans/
WARNING 2026-05-08 13:54:00,065 log Not Found: /api/v1/maintenance/plans/
WARNING 2026-05-08 13:54:00,093 log Not Found: /api/v1/maintenance/plans/
WARNING 2026-05-08 13:54:19,467 log Not Found: /api/v1/maintenance/plans/
WARNING 2026-05-08 13:54:19,502 log Not Found: /api/v1/maintenance/plans/
WARNING 2026-05-08 13:56:51,529 log Not Found: /api/v1/maintenance/
WARNING 2026-05-08 13:57:36,053 log Bad Request: /api/v1/auth/login/
WARNING 2026-05-08 13:57:43,253 log Bad Request: /api/v1/auth/login/
WARNING 2026-05-08 13:57:49,917 log Bad Request: /api/v1/auth/login/
WARNING 2026-05-08 13:57:54,470 log Bad Request: /api/v1/auth/login/
WARNING 2026-05-08 13:59:46,636 log Not Found: /api/v1/maintenance/
WARNING 2026-05-08 13:59:46,665 log Not Found: /api/v1/maintenance/
ERROR 2026-05-08 14:00:33,413 log Internal Server Error: /api/v1/maintenance/maintenance/7/complete/
ERROR 2026-05-08 14:00:40,638 log Internal Server Error: /api/v1/maintenance/maintenance/7/complete/
ERROR 2026-05-08 14:01:11,579 log Internal Server Error: /api/v1/maintenance/maintenance/7/complete/
WARNING 2026-05-08 14:07:08,938 log Not Found: /api/v1/maintenance/
WARNING 2026-05-08 14:07:08,974 log Not Found: /api/v1/maintenance/
WARNING 2026-05-08 14:07:48,265 log Not Found: /api/v1/maintenance/plans/
WARNING 2026-05-08 14:07:48,276 log Not Found: /api/v1/maintenance/plans/
WARNING 2026-05-10 10:41:43,622 log Not Found: /api/v1/maintenance/
WARNING 2026-05-10 10:41:43,715 log Not Found: /api/v1/maintenance/
WARNING 2026-05-10 10:43:42,066 log Not Found: /api/v1/maintenance/
WARNING 2026-05-10 10:46:59,969 log Not Found: /api/v1/maintenance/
WARNING 2026-05-10 10:47:49,844 log Not Found: /api/v1/maintenance/
WARNING 2026-05-10 10:47:49,955 log Not Found: /api/v1/maintenance/
INFO 2026-05-10 11:03:53,811 autoreload C:\Users\DELL\projet_tuteure\backend\driveparc\apps\maintenance\serializers.py changed, reloading.
INFO 2026-05-10 11:03:56,996 autoreload Watching for file changes with StatReloader
INFO 2026-05-10 11:04:43,965 autoreload C:\Users\DELL\projet_tuteure\backend\driveparc\apps\maintenance\serializers.py changed, reloading.
INFO 2026-05-10 11:04:46,352 autoreload Watching for file changes with StatReloader
INFO 2026-05-10 11:05:34,469 autoreload C:\Users\DELL\projet_tuteure\backend\driveparc\apps\maintenance\views.py changed, reloading.
INFO 2026-05-10 11:05:37,014 autoreload Watching for file changes with StatReloader
WARNING 2026-05-10 11:11:22,291 log Not Found: /api/v1/maintenance/
WARNING 2026-05-10 11:15:23,833 log Not Found: /api/v1/maintenance/
WARNING 2026-05-10 11:15:23,927 log Not Found: /api/v1/maintenance/
WARNING 2026-05-10 11:41:04,964 log Not Found: /api/v1/maintenance/
WARNING 2026-05-10 11:43:09,942 log Not Found: /api/v1/maintenance/
WARNING 2026-05-10 11:43:10,031 log Not Found: /api/v1/maintenance/
WARNING 2026-05-10 11:45:09,955 log Not Found: /api/v1/maintenance/
WARNING 2026-05-10 11:46:35,755 log Not Found: /api/v1/maintenance/
WARNING 2026-05-10 11:46:35,859 log Not Found: /api/v1/maintenance/
WARNING 2026-05-10 11:48:29,752 log Not Found: /api/v1/maintenance/plans/
WARNING 2026-05-10 11:48:29,788 log Not Found: /api/v1/maintenance/plans/
WARNING 2026-05-10 11:48:31,866 log Not Found: /api/v1/maintenance/plans/
WARNING 2026-05-10 11:48:31,923 log Not Found: /api/v1/maintenance/plans/
WARNING 2026-05-10 11:48:51,246 log Not Found: /api/v1/maintenance/plans/
WARNING 2026-05-10 11:48:51,315 log Not Found: /api/v1/maintenance/plans/
WARNING 2026-05-10 12:04:37,082 log Not Found: /api/v1/maintenance/
WARNING 2026-05-10 12:04:37,198 log Not Found: /api/v1/maintenance/
ERROR 2026-05-10 12:04:58,115 log Internal Server Error: /api/v1/fuel/cards/dashboard/
ERROR 2026-05-10 12:04:58,161 log Internal Server Error: /api/v1/fuel/cards/dashboard/
WARNING 2026-05-10 12:06:13,853 log Not Found: /api/v1/maintenance/
WARNING 2026-05-10 12:06:13,999 log Not Found: /api/v1/maintenance/
WARNING 2026-05-10 12:06:22,367 log Not Found: /api/v1/vehicles/my-vehicle/
WARNING 2026-05-10 12:06:22,408 log Not Found: /api/v1/trips/
WARNING 2026-05-10 12:06:22,462 log Not Found: /api/v1/vehicles/my-vehicle/
WARNING 2026-05-10 12:06:22,485 log Not Found: /api/v1/trips/
WARNING 2026-05-10 12:06:26,457 log Not Found: /api/v1/fuel/cards/my-card/
WARNING 2026-05-10 12:06:26,508 log Not Found: /api/v1/fuel/cards/my-card/
WARNING 2026-05-10 12:06:29,347 log Not Found: /api/v1/fuel/cards/my-card/
WARNING 2026-05-10 12:06:29,445 log Not Found: /api/v1/fuel/cards/my-card/
WARNING 2026-05-10 12:06:36,926 log Not Found: /api/v1/fuel/cards/my-card/
WARNING 2026-05-10 12:06:37,033 log Not Found: /api/v1/fuel/cards/my-card/
WARNING 2026-05-10 12:06:46,393 log Not Found: /api/v1/fuel/cards/my-card/
WARNING 2026-05-10 12:06:46,494 log Not Found: /api/v1/fuel/cards/my-card/
ERROR 2026-05-10 12:07:22,137 log Internal Server Error: /api/v1/fuel/cards/dashboard/
ERROR 2026-05-10 12:07:22,200 log Internal Server Error: /api/v1/fuel/cards/dashboard/
ERROR 2026-05-10 12:07:50,583 log Internal Server Error: /api/v1/fuel/cards/dashboard/
ERROR 2026-05-10 12:12:47,896 log Internal Server Error: /api/v1/auth/users/4/update-with-vehicle/
ERROR 2026-05-10 12:13:24,053 log Internal Server Error: /api/v1/auth/users/4/update-with-vehicle/
ERROR 2026-05-10 12:13:34,282 log Internal Server Error: /api/v1/auth/users/4/update-with-vehicle/
ERROR 2026-05-10 12:14:22,110 log Internal Server Error: /api/v1/fuel/cards/dashboard/
ERROR 2026-05-10 12:14:22,269 log Internal Server Error: /api/v1/fuel/cards/dashboard/
WARNING 2026-05-10 12:15:18,905 log Bad Request: /api/v1/auth/login/
WARNING 2026-05-10 12:15:27,621 log Bad Request: /api/v1/auth/login/
WARNING 2026-05-10 12:15:42,257 log Bad Request: /api/v1/auth/login/
WARNING 2026-05-10 12:16:13,433 log Bad Request: /api/v1/auth/login/
WARNING 2026-05-10 12:16:35,000 log Bad Request: /api/v1/auth/login/
WARNING 2026-05-10 12:18:03,058 log Bad Request: /api/v1/auth/login/
WARNING 2026-05-10 12:18:23,737 log Bad Request: /api/v1/auth/login/
WARNING 2026-05-10 12:21:13,726 log Bad Request: /api/v1/auth/login/
WARNING 2026-05-10 12:22:29,244 log Not Found: /api/v1/maintenance/
WARNING 2026-05-10 12:22:42,817 log Not Found: /api/v1/trips/
WARNING 2026-05-10 12:22:42,870 log Not Found: /api/v1/trips/
WARNING 2026-05-10 12:22:56,441 log Not Found: /api/v1/maintenance/
WARNING 2026-05-10 12:22:56,635 log Not Found: /api/v1/maintenance/
ERROR 2026-05-10 12:22:58,673 log Internal Server Error: /api/v1/fuel/cards/dashboard/
ERROR 2026-05-10 12:22:58,746 log Internal Server Error: /api/v1/fuel/cards/dashboard/
ERROR 2026-05-10 12:24:51,697 log Internal Server Error: /api/v1/fuel/cards/dashboard/
ERROR 2026-05-10 12:25:27,648 log Internal Server Error: /api/v1/fuel/cards/dashboard/
WARNING 2026-05-10 12:26:18,355 log Not Found: /api/v1/maintenance/
WARNING 2026-05-10 12:26:18,484 log Not Found: /api/v1/maintenance/
ERROR 2026-05-10 12:26:20,929 log Internal Server Error: /api/v1/fuel/cards/dashboard/
ERROR 2026-05-10 12:26:21,019 log Internal Server Error: /api/v1/fuel/cards/dashboard/
ERROR 2026-05-10 12:26:35,663 log Internal Server Error: /api/v1/fuel/cards/dashboard/
ERROR 2026-05-10 12:32:21,093 log Internal Server Error: /api/v1/fuel/cards/dashboard/
WARNING 2026-05-10 12:49:59,408 log Not Found: /api/v1/trips/
WARNING 2026-05-10 12:49:59,492 log Not Found: /api/v1/trips/
WARNING 2026-05-10 12:50:11,616 log Not Found: /api/v1/maintenance/
WARNING 2026-05-10 12:50:11,712 log Not Found: /api/v1/maintenance/
ERROR 2026-05-10 12:50:13,883 log Internal Server Error: /api/v1/fuel/cards/dashboard/
ERROR 2026-05-10 12:50:14,028 log Internal Server Error: /api/v1/fuel/cards/dashboard/
WARNING 2026-05-10 12:50:17,705 log Not Found: /api/v1/fuel/cards/2/recharges/
WARNING 2026-05-10 12:50:21,805 log Not Found: /api/v1/fuel/cards/3/recharges/
WARNING 2026-05-10 12:50:27,803 log Not Found: /api/v1/fuel/cards/1/recharges/
WARNING 2026-05-10 12:50:30,787 log Not Found: /api/v1/fuel/cards/3/recharges/
WARNING 2026-05-10 12:51:09,943 log Not Found: /favicon.ico
INFO 2026-05-11 06:06:12,030 autoreload Watching for file changes with StatReloader
INFO 2026-05-11 06:08:17,456 autoreload Watching for file changes with StatReloader
WARNING 2026-05-11 06:08:26,035 log Not Found: /api/v1/maintenance/
WARNING 2026-05-11 06:08:26,102 log Not Found: /api/v1/maintenance/
ERROR 2026-05-11 06:08:30,801 log Internal Server Error: /api/v1/fuel/cards/dashboard/
ERROR 2026-05-11 06:08:30,834 log Internal Server Error: /api/v1/fuel/cards/dashboard/
WARNING 2026-05-11 06:13:16,020 log Not Found: /api/v1/trips/
WARNING 2026-05-11 06:13:16,114 log Not Found: /api/v1/trips/
ERROR 2026-05-11 06:15:09,656 log Internal Server Error: /api/v1/fuel/cards/dashboard/
ERROR 2026-05-11 06:15:09,728 log Internal Server Error: /api/v1/fuel/cards/dashboard/
ERROR 2026-05-11 06:15:19,764 log Internal Server Error: /api/v1/fuel/cards/dashboard/
ERROR 2026-05-11 06:15:19,871 log Internal Server Error: /api/v1/fuel/cards/dashboard/
WARNING 2026-05-11 06:15:26,672 log Not Found: /api/v1/fuel/cards/2/recharges/
WARNING 2026-05-11 06:30:08,940 log Not Found: /api/v1/maintenance/
WARNING 2026-05-11 06:30:08,993 log Not Found: /api/v1/maintenance/
ERROR 2026-05-11 06:30:29,767 log Internal Server Error: /api/v1/fuel/cards/dashboard/
ERROR 2026-05-11 06:30:29,812 log Internal Server Error: /api/v1/fuel/cards/dashboard/
ERROR 2026-05-11 06:30:52,172 log Internal Server Error: /api/v1/fuel/cards/dashboard/
WARNING 2026-05-11 06:30:58,113 log Not Found: /api/v1/fuel/cards/4/recharges/
WARNING 2026-05-11 06:31:03,212 log Not Found: /api/v1/fuel/cards/4/recharges/
WARNING 2026-05-11 06:32:34,617 log Not Found: /api/v1/fuel/cards/4/recharges/
ERROR 2026-05-11 06:43:40,873 log Internal Server Error: /api/v1/fuel/cards/dashboard/
ERROR 2026-05-11 06:43:41,057 log Internal Server Error: /api/v1/fuel/cards/dashboard/
WARNING 2026-05-11 06:43:43,624 log Not Found: /api/v1/fuel/cards/4/recharges/
ERROR 2026-05-11 06:43:51,464 log Internal Server Error: /api/v1/fuel/cards/dashboard/
WARNING 2026-05-11 06:43:53,866 log Not Found: /api/v1/fuel/cards/1/recharges/
WARNING 2026-05-11 06:44:38,614 log Not Found: /api/v1/fuel/cards/3/recharges/
WARNING 2026-05-11 06:44:48,367 log Not Found: /api/v1/fuel/cards/2/recharges/
ERROR 2026-05-11 06:44:57,697 log Internal Server Error: /api/v1/fuel/cards/dashboard/
WARNING 2026-05-11 06:44:59,604 log Not Found: /api/v1/fuel/cards/1/recharges/
ERROR 2026-05-11 06:45:07,822 log Internal Server Error: /api/v1/fuel/cards/dashboard/
WARNING 2026-05-11 06:45:10,330 log Not Found: /api/v1/fuel/cards/3/recharges/
WARNING 2026-05-11 06:53:10,081 log Not Found: /api/v1/trips/
WARNING 2026-05-11 06:53:10,188 log Not Found: /api/v1/trips/
WARNING 2026-05-11 19:19:42,773 log Not Found: /api/v1/trips/
WARNING 2026-05-11 19:19:42,916 log Not Found: /api/v1/trips/
WARNING 2026-05-11 19:19:54,411 log Not Found: /api/v1/maintenance/
WARNING 2026-05-11 19:19:54,532 log Not Found: /api/v1/maintenance/
ERROR 2026-05-11 19:20:01,274 log Internal Server Error: /api/v1/fuel/cards/dashboard/
ERROR 2026-05-11 19:20:01,347 log Internal Server Error: /api/v1/fuel/cards/dashboard/
ERROR 2026-05-11 19:24:13,808 log Internal Server Error: /api/v1/fuel/cards/dashboard/
ERROR 2026-05-11 19:24:13,901 log Internal Server Error: /api/v1/fuel/cards/dashboard/
WARNING 2026-05-11 19:37:48,437 log Not Found: /favicon.ico
WARNING 2026-05-11 19:47:32,252 log Not Found: /api/v1/maintenance/
INFO 2026-05-11 19:55:59,927 _client HTTP Request: POST https://api.anthropic.com/v1/messages "HTTP/1.1 401 Unauthorized"
WARNING 2026-05-11 19:57:32,964 log Not Found: /api/v1/trips/
WARNING 2026-05-11 19:57:33,059 log Not Found: /api/v1/trips/
WARNING 2026-05-11 19:57:56,679 log Not Found: /favicon.ico
ERROR 2026-05-11 20:15:06,459 log Internal Server Error: /api/v1/fuel/cards/dashboard/
ERROR 2026-05-11 20:15:06,618 log Internal Server Error: /api/v1/fuel/cards/dashboard/
ERROR 2026-05-11 20:15:13,960 log Internal Server Error: /api/v1/fuel/cards/dashboard/
ERROR 2026-05-11 20:15:14,031 log Internal Server Error: /api/v1/fuel/cards/dashboard/
WARNING 2026-05-11 20:21:11,989 log Not Found: /api/v1/maintenance/
WARNING 2026-05-11 20:21:12,114 log Not Found: /api/v1/maintenance/
WARNING 2026-05-11 20:24:27,255 log Not Found: /api/v1/trips/
WARNING 2026-05-11 20:24:27,381 log Not Found: /api/v1/trips/
WARNING 2026-05-12 01:07:31,328 log Not Found: /api/v1/trips/
WARNING 2026-05-12 01:07:31,391 log Not Found: /api/v1/trips/
WARNING 2026-05-12 01:07:54,320 log Not Found: /api/v1/maintenance/
WARNING 2026-05-12 01:07:54,347 log Not Found: /api/v1/maintenance/
WARNING 2026-05-12 01:16:25,865 views Notification breakdown failed: Notification() got unexpected keyword arguments: 'type'
WARNING 2026-05-12 01:17:33,552 views Notification breakdown failed: Notification() got unexpected keyword arguments: 'type'
WARNING 2026-05-12 01:30:33,852 views Notification assigner failed: Notification() got unexpected keyword arguments: 'type'
WARNING 2026-05-12 01:35:05,212 log Not Found: /api/v1/trips/
WARNING 2026-05-12 01:35:05,248 log Not Found: /api/v1/trips/
WARNING 2026-05-12 02:03:58,499 log Not Found: /api/v1/vehicles/my-vehicle/
WARNING 2026-05-12 02:03:58,513 log Not Found: /api/v1/trips/
WARNING 2026-05-12 02:03:58,537 log Not Found: /api/v1/vehicles/my-vehicle/
WARNING 2026-05-12 02:03:58,545 log Not Found: /api/v1/trips/
WARNING 2026-05-12 02:04:40,906 views Notification breakdown failed: Notification() got unexpected keyword arguments: 'type'
WARNING 2026-05-12 02:05:39,522 log Not Found: /api/v1/maintenance/
WARNING 2026-05-12 02:05:39,582 log Not Found: /api/v1/maintenance/
INFO 2026-05-12 16:58:38,461 autoreload Watching for file changes with StatReloader
WARNING 2026-05-12 17:00:02,324 log Not Found: /api/v1/trips/
WARNING 2026-05-12 17:00:02,394 log Not Found: /api/v1/trips/
WARNING 2026-05-12 17:00:03,447 log Not Found: /api/v1/maintenance/
WARNING 2026-05-12 17:00:03,535 log Not Found: /api/v1/maintenance/
WARNING 2026-05-12 17:02:00,340 views Notification assigner failed: Notification() got unexpected keyword arguments: 'type'
WARNING 2026-05-12 17:27:17,740 views Notification breakdown failed: Notification() got unexpected keyword arguments: 'type'
WARNING 2026-05-12 17:27:55,728 log Not Found: /api/v1/maintenance/
WARNING 2026-05-12 17:27:55,846 log Not Found: /api/v1/maintenance/
WARNING 2026-05-12 17:29:14,327 views Notification assigner failed: Notification() got unexpected keyword arguments: 'type'
WARNING 2026-05-12 17:31:14,667 log Bad Request: /api/v1/maintenance/breakdowns/7/
WARNING 2026-05-12 17:31:31,532 log Bad Request: /api/v1/maintenance/breakdowns/7/
WARNING 2026-05-12 17:34:48,238 log Bad Request: /api/v1/maintenance/breakdowns/7/
WARNING 2026-05-12 17:34:50,581 log Bad Request: /api/v1/maintenance/breakdowns/7/
WARNING 2026-05-12 17:34:51,403 log Bad Request: /api/v1/maintenance/breakdowns/7/
INFO 2026-05-12 17:44:29,007 autoreload C:\Users\DELL\projet_tuteure\backend\driveparc\core\constants.py changed, reloading.
INFO 2026-05-12 17:44:31,718 autoreload Watching for file changes with StatReloader
INFO 2026-05-12 17:44:42,054 autoreload C:\Users\DELL\projet_tuteure\backend\driveparc\core\constants.py changed, reloading.
INFO 2026-05-12 17:44:44,483 autoreload Watching for file changes with StatReloader
INFO 2026-05-12 18:07:31,708 autoreload Watching for file changes with StatReloader
WARNING 2026-05-12 18:07:40,340 log Not Found: /api/v1/maintenance/
WARNING 2026-05-12 18:07:40,468 log Not Found: /api/v1/maintenance/
